Order_ID,Order_Date,Region,State,Salesperson,Customer_ID,Segment,Category,Sub_Category,Product,Quantity,Unit_Price,Discount,Sales,Cost,Profit,Discount_Flag,Sales_Calc,Profit_Calc,Month
ORD-10001,2026-02-05,North,Uttar Pradesh,Priya Verma,CUST-1140,Corporate,Office Supplies,Stationery,Premium Notebook,4,450,0.03,1746.0,1000,746.0,OK,1746.0,746.0,2026-02
ORD-10002,2026-02-25,Central,Chhattisgarh,Neha Gupta,CUST-1130,Small Business,Technology,Accessories,Wireless Keyboard,1,1200,0.0,1200.0,780,420.0,OK,1200.0,420.0,2026-02
ORD-10003,2026-04-25,North,Punjab,Vikas Kumar,CUST-1002,Corporate,Technology,Laptops,Business Laptop,7,65000,0.03,441350.0,364000,77350.0,OK,441350.0,77350.0,2026-04
ORD-10004,2026-07-15,West,Gujarat,Sneha Patel,CUST-1027,Corporate,Office Supplies,Stationery,Premium Notebook,3,450,0.03,1309.5,750,559.5,OK,1309.5,559.5,2026-07
ORD-10005,2026-03-09,West,Maharashtra,Rahul Sharma,CUST-1118,Small Business,Office Supplies,Stationery,Gel Pen Pack,6,180,0.1,972.0,540,432.0,OK,972.0,432.0,2026-03
ORD-10006,2026-06-10,North,Delhi,Sneha Patel,CUST-1050,Small Business,Technology,Accessories,Wireless Mouse,5,800,0.15,3400.0,2400,1000.0,OK,3400.0,1000.0,2026-06
ORD-10007,2026-08-07,North,Uttar Pradesh,Neha Gupta,CUST-1026,Consumer,Technology,Laptops,Business Laptop,5,65000,0.0,325000.0,260000,65000.0,OK,325000.0,65000.0,2026-08
ORD-10008,2026-04-01,East,Odisha,Neha Gupta,CUST-1069,Small Business,Office Supplies,Stationery,Gel Pen Pack,3,180,0.05,513.0,270,243.0,OK,513.0,243.0,2026-04
ORD-10009,2026-04-29,North,Punjab,Arjun Mehta,CUST-1070,Small Business,Technology,Phones,Smartphone X,4,28000,0.03,108640.0,88000,20640.0,OK,108640.0,20640.0,2026-04
ORD-10010,2026-07-30,Central,Madhya Pradesh,Rahul Sharma,CUST-1081,Consumer,Office Supplies,Stationery,Gel Pen Pack,1,180,0.03,174.6,90,84.6,OK,174.6,84.6,2026-07
ORD-10011,2026-06-17,East,West Bengal,Pooja Yadav,CUST-1102,Small Business,Technology,Laptops,Business Laptop,6,65000,0.03,378300.0,312000,66300.0,OK,378300.0,66300.0,2026-06
ORD-10012,2026-07-10,West,Maharashtra,Vikas Kumar,CUST-1110,Small Business,Office Supplies,Stationery,Premium Notebook,3,450,0.03,1309.5,750,559.5,OK,1309.5,559.5,2026-07
ORD-10013,2026-05-07,North,Gujarat,Priya Verma,CUST-1013,Corporate,Technology,Laptops,Business Laptop,3,65000,0.1,175500.0,156000,19500.0,OK,175500.0,19500.0,2026-05
ORD-10014,2026-01-17,South,Telangana,Arjun Mehta,CUST-1098,Small Business,Technology,Phones,Smartphone X,7,28000,0.1,176400.0,154000,22400.0,OK,176400.0,22400.0,2026-01
ORD-10015,2026-07-04,West,Rajasthan,Priya Verma,CUST-1138,Consumer,Office Supplies,Stationery,Premium Notebook,1,450,0.12,396.0,250,146.0,OK,396.0,146.0,2026-07
ORD-10016,2026-04-27,East,West Bengal,Rahul Sharma,CUST-1068,Small Business,Office Supplies,Stationery,Premium Notebook,7,450,0.03,3055.5,1750,1305.5,OK,3055.5,1305.5,2026-04
ORD-10017,2026-06-13,South,Telangana,Neha Gupta,CUST-1040,Consumer,Technology,Accessories,Wireless Mouse,5,800,0.15,3400.0,2400,1000.0,OK,3400.0,1000.0,2026-06
ORD-10018,2026-03-24,South,Telangana,Pooja Yadav,CUST-1005,Corporate,Furniture,Tables,Office Table,1,12000,0.1,10800.0,8800,2000.0,OK,10800.0,2000.0,2026-03
ORD-10019,2026-08-13,East,Odisha,Priya Verma,CUST-1022,Small Business,Technology,Laptops,Business Laptop,1,65000,0.03,63050.0,52000,11050.0,OK,63050.0,11050.0,2026-08
ORD-10020,2026-06-18,West,Maharashtra,Pooja Yadav,CUST-1043,Consumer,Furniture,Tables,Office Table,3,12000,0.03,34920.0,26400,8520.0,OK,34920.0,8520.0,2026-06
ORD-10021,2026-03-21,Central,Chhattisgarh,Neha Gupta,CUST-1096,Consumer,Technology,Laptops,Business Laptop,4,65000,0.12,228800.0,208000,20800.0,OK,228800.0,20800.0,2026-03
ORD-10022,2026-01-17,Central,Chhattisgarh,Sneha Patel,CUST-1006,Small Business,Technology,Accessories,Wireless Mouse,4,800,0.03,3104.0,1920,1184.0,OK,3104.0,1184.0,2026-01
ORD-10023,2026-01-19,Central,Madhya Pradesh,Rahul Sharma,CUST-1059,Corporate,Furniture,Storage,Storage Cabinet,4,14500,0.0,58000.0,42000,16000.0,OK,58000.0,16000.0,2026-01
ORD-10024,2026-06-21,North,Delhi,Pooja Yadav,CUST-1055,Small Business,Technology,Accessories,Wireless Mouse,4,800,0.05,3040.0,1920,1120.0,OK,3040.0,1120.0,2026-06
ORD-10025,2026-07-20,South,Telangana,Pooja Yadav,CUST-1105,Corporate,Furniture,Storage,Storage Cabinet,8,14500,0.03,112520.0,84000,28520.0,OK,112520.0,28520.0,2026-07
ORD-10026,2026-04-16,North,Uttar Pradesh,Pooja Yadav,CUST-1014,Small Business,Office Supplies,Storage,File Organizer,6,350,0.08,1932.0,1140,792.0,OK,1932.0,792.0,2026-04
ORD-10027,2026-08-09,North,Uttar Pradesh,Priya Verma,CUST-1064,Corporate,Office Supplies,Storage,File Organizer,6,350,0.15,1785.0,1140,645.0,OK,1785.0,645.0,2026-08
ORD-10028,2026-02-16,South,Telangana,Vikas Kumar,CUST-1119,Corporate,Furniture,Chairs,Ergonomic Chair,3,9500,0.08,26220.0,20700,5520.0,OK,26220.0,5520.0,2026-02
ORD-10029,2026-06-16,North,Delhi,Rahul Sharma,CUST-1024,Corporate,Furniture,Tables,Office Table,2,12000,0.0,24000.0,17600,6400.0,OK,24000.0,6400.0,2026-06
ORD-10030,2026-08-10,South,Tamil Nadu,Arjun Mehta,CUST-1016,Corporate,Furniture,Chairs,Ergonomic Chair,8,9500,0.03,73720.0,55200,18520.0,OK,73720.0,18520.0,2026-08
ORD-10031,2026-07-20,West,Maharashtra,Pooja Yadav,CUST-1074,Consumer,Office Supplies,Storage,File Organizer,5,350,0.15,1487.5,950,537.5,OK,1487.5,537.5,2026-07
ORD-10032,2026-02-25,Central,Chhattisgarh,Rahul Sharma,CUST-1139,Corporate,Technology,Phones,Smartphone X,4,28000,0.05,106400.0,88000,18400.0,OK,106400.0,18400.0,2026-02
ORD-10033,2026-08-24,East,West Bengal,Amit Singh,CUST-1015,Small Business,Technology,Accessories,Wireless Keyboard,8,1200,0.1,8640.0,6240,2400.0,OK,8640.0,2400.0,2026-08
ORD-10034,2026-08-09,North,Uttar Pradesh,Neha Gupta,CUST-1104,Corporate,Technology,Accessories,Wireless Mouse,2,800,0.12,1408.0,960,448.0,OK,1408.0,448.0,2026-08
ORD-10035,2026-01-21,Central,Madhya Pradesh,Arjun Mehta,CUST-1134,Consumer,Furniture,Storage,Storage Cabinet,1,14500,0.1,13050.0,10500,2550.0,OK,13050.0,2550.0,2026-01
ORD-10036,2026-04-12,East,West Bengal,Amit Singh,CUST-1077,Consumer,Office Supplies,Stationery,Gel Pen Pack,4,180,0.05,684.0,360,324.0,OK,684.0,324.0,2026-04
ORD-10037,2026-05-25,East,West Bengal,Priya Verma,CUST-1019,Small Business,Technology,Accessories,Wireless Keyboard,8,1200,0.1,8640.0,6240,2400.0,OK,8640.0,2400.0,2026-05
ORD-10038,2026-08-14,South,Telangana,Priya Verma,CUST-1063,Consumer,Office Supplies,Stationery,Premium Notebook,3,450,0.05,1282.5,750,532.5,OK,1282.5,532.5,2026-08
ORD-10039,2026-07-26,East,West Bengal,Rahul Sharma,CUST-1077,Small Business,Furniture,Chairs,Ergonomic Chair,5,9500,0.1,42750.0,34500,8250.0,OK,42750.0,8250.0,2026-07
ORD-10040,2026-07-10,North,Uttar Pradesh,Amit Singh,CUST-1070,Consumer,Office Supplies,Stationery,Premium Notebook,2,450,0.0,900.0,500,400.0,OK,900.0,400.0,2026-07
ORD-10041,2026-06-12,Central,Madhya Pradesh,Vikas Kumar,CUST-1130,Consumer,Office Supplies,Stationery,Gel Pen Pack,4,180,0.12,633.6,360,273.6,OK,633.6,273.6,2026-06
ORD-10042,2026-03-12,East,West Bengal,Rahul Sharma,CUST-1001,Consumer,Technology,Accessories,Wireless Mouse,7,800,0.15,4760.0,3360,1400.0,OK,4760.0,1400.0,2026-03
ORD-10043,2026-04-24,South,Telangana,Arjun Mehta,CUST-1003,Corporate,Office Supplies,Stationery,Premium Notebook,3,450,0.12,1188.0,750,438.0,OK,1188.0,438.0,2026-04
ORD-10044,2026-04-05,North,Punjab,Amit Singh,CUST-1111,Corporate,Technology,Phones,Smartphone X,1,28000,0.15,23800.0,22000,1800.0,OK,23800.0,1800.0,2026-04
ORD-10045,2026-02-15,North,Delhi,Neha Gupta,CUST-1027,Consumer,Office Supplies,Stationery,Gel Pen Pack,1,180,0.05,171.0,90,81.0,OK,171.0,81.0,2026-02
ORD-10046,2026-08-10,Central,Chhattisgarh,Amit Singh,CUST-1046,Consumer,Furniture,Storage,Storage Cabinet,3,14500,0.03,42195.0,31500,10695.0,OK,42195.0,10695.0,2026-08
ORD-10047,2026-06-21,North,Uttar Pradesh,Neha Gupta,CUST-1069,Corporate,Office Supplies,Stationery,Gel Pen Pack,7,180,0.15,1071.0,630,441.0,OK,1071.0,441.0,2026-06
ORD-10048,2026-02-21,North,Delhi,Pooja Yadav,CUST-1090,Consumer,Technology,Accessories,Wireless Keyboard,8,1200,0.03,9312.0,6240,3072.0,OK,9312.0,3072.0,2026-02
ORD-10049,2026-03-26,South,Karnataka,Vikas Kumar,CUST-1018,Consumer,Technology,Accessories,Wireless Keyboard,4,1200,0.08,4416.0,3120,1296.0,OK,4416.0,1296.0,2026-03
ORD-10050,2026-08-04,East,Bihar,Sneha Patel,CUST-1008,Corporate,Furniture,Tables,Office Table,7,12000,0.12,73920.0,61600,12320.0,OK,73920.0,12320.0,2026-08
ORD-10051,2026-01-28,East,West Bengal,Arjun Mehta,CUST-1089,Small Business,Furniture,Storage,Storage Cabinet,5,14500,0.0,72500.0,52500,20000.0,OK,72500.0,20000.0,2026-01
ORD-10052,2026-08-19,East,Odisha,Neha Gupta,CUST-1066,Corporate,Furniture,Storage,Storage Cabinet,2,14500,0.08,26680.0,21000,5680.0,OK,26680.0,5680.0,2026-08
ORD-10053,2026-04-21,West,Maharashtra,Priya Verma,CUST-1085,Small Business,Furniture,Tables,Office Table,4,12000,0.05,45600.0,35200,10400.0,OK,45600.0,10400.0,2026-04
ORD-10054,2026-03-21,East,Bihar,Arjun Mehta,CUST-1084,Consumer,Technology,Accessories,Wireless Mouse,5,800,0.1,3600.0,2400,1200.0,OK,3600.0,1200.0,2026-03
ORD-10055,2026-06-20,East,Bihar,Arjun Mehta,CUST-1045,Small Business,Technology,Phones,Smartphone X,4,28000,0.08,103040.0,88000,15040.0,OK,103040.0,15040.0,2026-06
ORD-10056,2026-03-15,Central,Chhattisgarh,Neha Gupta,CUST-1111,Small Business,Office Supplies,Storage,File Organizer,1,350,0.05,332.5,190,142.5,OK,332.5,142.5,2026-03
ORD-10057,2026-06-22,Central,Chhattisgarh,Neha Gupta,CUST-1131,Consumer,Furniture,Chairs,Ergonomic Chair,8,9500,0.08,69920.0,55200,14720.0,OK,69920.0,14720.0,2026-06
ORD-10058,2026-06-19,South,Telangana,Sneha Patel,CUST-1131,Corporate,Technology,Accessories,Wireless Mouse,5,800,0.1,3600.0,2400,1200.0,OK,3600.0,1200.0,2026-06
ORD-10059,2026-01-12,East,West Bengal,Neha Gupta,CUST-1122,Small Business,Technology,Laptops,Business Laptop,3,65000,0.0,195000.0,156000,39000.0,OK,195000.0,39000.0,2026-01
ORD-10060,2026-06-28,North,Delhi,Arjun Mehta,CUST-1127,Consumer,Office Supplies,Storage,File Organizer,4,350,0.12,1232.0,760,472.0,OK,1232.0,472.0,2026-06
ORD-10061,2026-04-19,South,Karnataka,Neha Gupta,CUST-1046,Small Business,Technology,Accessories,Wireless Keyboard,2,1200,0.15,2040.0,1560,480.0,OK,2040.0,480.0,2026-04
ORD-10062,2026-02-01,Central,Chhattisgarh,Pooja Yadav,CUST-1035,Consumer,Technology,Accessories,Wireless Keyboard,4,1200,0.15,4080.0,3120,960.0,OK,4080.0,960.0,2026-02
ORD-10063,2026-08-21,Central,Chhattisgarh,Pooja Yadav,CUST-1041,Small Business,Furniture,Chairs,Ergonomic Chair,7,9500,0.15,56525.0,48300,8225.0,OK,56525.0,8225.0,2026-08
ORD-10064,2026-06-13,West,Gujarat,Vikas Kumar,CUST-1134,Consumer,Office Supplies,Stationery,Premium Notebook,4,450,0.15,1530.0,1000,530.0,OK,1530.0,530.0,2026-06
ORD-10065,2026-03-15,South,Tamil Nadu,Neha Gupta,CUST-1070,Consumer,Furniture,Chairs,Ergonomic Chair,2,9500,0.12,16720.0,13800,2920.0,OK,16720.0,2920.0,2026-03
ORD-10066,2026-03-01,East,Bihar,Arjun Mehta,CUST-1040,Small Business,Technology,Accessories,Wireless Mouse,3,800,0.03,2328.0,1440,888.0,OK,2328.0,888.0,2026-03
ORD-10067,2026-05-19,South,Karnataka,Pooja Yadav,CUST-1107,Corporate,Office Supplies,Storage,File Organizer,7,350,0.05,2327.5,1330,997.5,OK,2327.5,997.5,2026-05
ORD-10068,2026-08-14,South,Tamil Nadu,Arjun Mehta,CUST-1123,Corporate,Office Supplies,Storage,File Organizer,1,350,0.15,297.5,190,107.5,OK,297.5,107.5,2026-08
ORD-10069,2026-07-11,East,Odisha,Neha Gupta,CUST-1125,Corporate,Office Supplies,Storage,File Organizer,7,350,0.1,2205.0,1330,875.0,OK,2205.0,875.0,2026-07
ORD-10070,2026-03-28,East,Odisha,Arjun Mehta,CUST-1043,Consumer,Furniture,Chairs,Ergonomic Chair,1,9500,0.08,8740.0,6900,1840.0,OK,8740.0,1840.0,2026-03
ORD-10071,2026-06-01,South,Telangana,Unassigned,CUST-1022,Small Business,Furniture,Tables,Office Table,1,12000,0.08,11040.0,8800,2240.0,OK,11040.0,2240.0,2026-06
ORD-10072,2026-03-08,West,Maharashtra,Arjun Mehta,CUST-1084,Corporate,Furniture,Chairs,Ergonomic Chair,3,9500,0.0,28500.0,20700,7800.0,OK,28500.0,7800.0,2026-03
ORD-10073,2026-07-12,West,Gujarat,Arjun Mehta,CUST-1065,Corporate,Office Supplies,Stationery,Gel Pen Pack,7,180,0.05,1197.0,630,567.0,OK,1197.0,567.0,2026-07
ORD-10074,2026-02-27,West,Maharashtra,Priya Verma,CUST-1011,Corporate,Furniture,Tables,Office Table,1,12000,0.05,11400.0,8800,2600.0,OK,11400.0,2600.0,2026-02
ORD-10075,2026-02-02,South,Karnataka,Pooja Yadav,CUST-1030,Small Business,Technology,Accessories,Wireless Keyboard,3,1200,0.03,3492.0,2340,1152.0,OK,3492.0,1152.0,2026-02
ORD-10076,2026-06-05,South,Tamil Nadu,Priya Verma,CUST-1042,Consumer,Office Supplies,Stationery,Premium Notebook,6,450,0.03,2619.0,1500,1119.0,OK,2619.0,1119.0,2026-06
ORD-10077,2026-06-23,North,Punjab,Arjun Mehta,CUST-1102,Small Business,Technology,Accessories,Wireless Keyboard,5,1200,0.1,5400.0,3900,1500.0,OK,5400.0,1500.0,2026-06
ORD-10078,2026-06-28,South,Karnataka,Vikas Kumar,CUST-1031,Small Business,Furniture,Storage,Storage Cabinet,4,14500,0.0,58000.0,42000,16000.0,OK,58000.0,16000.0,2026-06
ORD-10079,2026-04-05,North,Delhi,Priya Verma,CUST-1130,Small Business,Furniture,Tables,Office Table,7,12000,0.12,73920.0,61600,12320.0,OK,73920.0,12320.0,2026-04
ORD-10080,2026-04-21,East,West Bengal,Sneha Patel,CUST-1118,Small Business,Office Supplies,Storage,File Organizer,8,350,0.0,2800.0,1520,1280.0,OK,2800.0,1280.0,2026-04
ORD-10081,2026-07-26,South,Tamil Nadu,Pooja Yadav,CUST-1120,Consumer,Technology,Phones,Smartphone X,5,28000,0.1,126000.0,110000,16000.0,OK,126000.0,16000.0,2026-07
ORD-10082,2026-08-28,Central,Chhattisgarh,Priya Verma,CUST-1072,Consumer,Office Supplies,Stationery,Gel Pen Pack,4,180,0.15,612.0,360,252.0,OK,612.0,252.0,2026-08
ORD-10083,2026-01-08,South,Tamil Nadu,Pooja Yadav,CUST-1084,Corporate,Furniture,Storage,Storage Cabinet,7,14500,0.05,96425.0,73500,22925.0,OK,96425.0,22925.0,2026-01
ORD-10084,2026-03-13,West,Maharashtra,Vikas Kumar,CUST-1003,Small Business,Office Supplies,Stationery,Gel Pen Pack,5,180,0.05,855.0,450,405.0,OK,855.0,405.0,2026-03
ORD-10085,2026-05-23,South,Karnataka,Neha Gupta,CUST-1122,Small Business,Technology,Laptops,Business Laptop,7,65000,0.08,418600.0,364000,54600.0,OK,418600.0,54600.0,2026-05
ORD-10086,2026-02-26,West,Gujarat,Arjun Mehta,CUST-1063,Consumer,Technology,Accessories,Wireless Keyboard,2,1200,0.05,2280.0,1560,720.0,OK,2280.0,720.0,2026-02
ORD-10087,2026-07-10,Central,Chhattisgarh,Sneha Patel,CUST-1091,Small Business,Furniture,Chairs,Ergonomic Chair,6,9500,0.08,52440.0,41400,11040.0,OK,52440.0,11040.0,2026-07
ORD-10088,2026-01-31,West,Gujarat,Neha Gupta,CUST-1081,Corporate,Office Supplies,Stationery,Premium Notebook,5,450,0.03,2182.5,1250,932.5,OK,2182.5,932.5,2026-01
ORD-10089,2026-05-04,Central,Madhya Pradesh,Vikas Kumar,CUST-1135,Small Business,Technology,Laptops,Business Laptop,4,65000,0.2,228800.0,208000,20800.0,Review,208000.0,0.0,2026-05
ORD-10090,2026-04-03,East,West Bengal,Amit Singh,CUST-1078,Corporate,Technology,Laptops,Business Laptop,5,65000,0.03,315250.0,260000,55250.0,OK,315250.0,55250.0,2026-04
ORD-10091,2026-05-22,Central,Madhya Pradesh,Vikas Kumar,CUST-1033,Small Business,Office Supplies,Stationery,Premium Notebook,1,450,0.0,450.0,250,200.0,OK,450.0,200.0,2026-05
ORD-10092,2026-05-03,West,Maharashtra,Pooja Yadav,CUST-1088,Corporate,Technology,Accessories,Wireless Keyboard,5,1200,0.08,5520.0,3900,1620.0,OK,5520.0,1620.0,2026-05
ORD-10093,2026-01-17,North,Delhi,Arjun Mehta,CUST-1126,Corporate,Furniture,Chairs,Ergonomic Chair,2,9500,0.15,16150.0,13800,2350.0,OK,16150.0,2350.0,2026-01
ORD-10094,2026-05-25,Central,Madhya Pradesh,Vikas Kumar,CUST-1022,Corporate,Technology,Phones,Smartphone X,3,28000,0.15,71400.0,66000,5400.0,OK,71400.0,5400.0,2026-05
ORD-10095,2026-05-14,North,Punjab,Arjun Mehta,CUST-1116,Consumer,Office Supplies,Storage,File Organizer,4,350,0.15,1190.0,760,430.0,OK,1190.0,430.0,2026-05
ORD-10096,2026-06-08,East,Bihar,Rahul Sharma,CUST-1026,Corporate,Office Supplies,Storage,File Organizer,5,350,0.1,1575.0,950,625.0,OK,1575.0,625.0,2026-06
ORD-10097,2026-02-14,South,Tamil Nadu,Priya Verma,CUST-1041,Corporate,Technology,Accessories,Wireless Mouse,3,800,0.03,2328.0,1440,888.0,OK,2328.0,888.0,2026-02
ORD-10098,2026-01-09,West,Gujarat,Neha Gupta,CUST-1074,Small Business,Furniture,Storage,Storage Cabinet,8,14500,0.05,110200.0,84000,26200.0,OK,110200.0,26200.0,2026-01
ORD-10099,2026-03-01,East,Bihar,Vikas Kumar,CUST-1051,Consumer,Furniture,Chairs,Ergonomic Chair,2,9500,0.12,16720.0,13800,2920.0,OK,16720.0,2920.0,2026-03
ORD-10100,2026-07-31,North,Punjab,Amit Singh,CUST-1019,Corporate,Technology,Laptops,Business Laptop,3,65000,0.05,185250.0,156000,29250.0,OK,185250.0,29250.0,2026-07
ORD-10101,2026-02-01,South,Tamil Nadu,Pooja Yadav,CUST-1078,Small Business,Furniture,Storage,Storage Cabinet,5,14500,0.08,66700.0,52500,14200.0,OK,66700.0,14200.0,2026-02
ORD-10102,2026-01-21,West,Gujarat,Rahul Sharma,CUST-1111,Small Business,Furniture,Tables,Wireless Mouse,8,12000,0.08,88320.0,70400,17920.0,OK,88320.0,17920.0,2026-01
ORD-10103,2026-02-28,East,Bihar,Rahul Sharma,CUST-1069,Small Business,Office Supplies,Stationery,Premium Notebook,1,450,0.0,450.0,250,200.0,OK,450.0,200.0,2026-02
ORD-10104,2026-02-16,North,Uttar Pradesh,Arjun Mehta,CUST-1126,Corporate,Furniture,Chairs,Ergonomic Chair,8,9500,0.05,72200.0,55200,17000.0,OK,72200.0,17000.0,2026-02
ORD-10105,2026-06-21,West,Gujarat,Priya Verma,CUST-1042,Consumer,Office Supplies,Storage,File Organizer,6,350,0.05,1995.0,1140,855.0,OK,1995.0,855.0,2026-06
ORD-10106,2026-08-30,West,Rajasthan,Arjun Mehta,CUST-1010,Consumer,Furniture,Chairs,Ergonomic Chair,5,9500,0.12,41800.0,34500,7300.0,OK,41800.0,7300.0,2026-08
ORD-10107,2026-07-17,North,Delhi,Arjun Mehta,CUST-1132,Corporate,Office Supplies,Stationery,Premium Notebook,6,450,0.0,2700.0,1500,1200.0,OK,2700.0,1200.0,2026-07
ORD-10108,2026-05-13,Central,Chhattisgarh,Sneha Patel,CUST-1128,Small Business,Office Supplies,Storage,File Organizer,1,350,0.03,339.5,190,149.5,OK,339.5,149.5,2026-05
ORD-10109,2026-02-03,West,Maharashtra,Vikas Kumar,CUST-1113,Small Business,Technology,Laptops,Business Laptop,5,65000,0.1,292500.0,260000,32500.0,OK,292500.0,32500.0,2026-02
ORD-10110,2026-02-10,West,Maharashtra,Vikas Kumar,CUST-1004,Small Business,Technology,Accessories,Wireless Keyboard,4,1200,0.12,4224.0,3120,1104.0,OK,4224.0,1104.0,2026-02
ORD-10111,2026-08-31,West,Maharashtra,Priya Verma,CUST-1040,Consumer,Technology,Laptops,Business Laptop,2,65000,0.08,119600.0,104000,15600.0,OK,119600.0,15600.0,2026-08
ORD-10112,2026-05-04,East,Bihar,Pooja Yadav,CUST-1063,Consumer,Office Supplies,Stationery,Premium Notebook,7,450,0.15,2677.5,1750,927.5,OK,2677.5,927.5,2026-05
ORD-10113,2026-05-11,Central,Madhya Pradesh,Amit Singh,CUST-1018,Consumer,Office Supplies,Storage,File Organizer,4,350,0.1,1260.0,760,500.0,OK,1260.0,500.0,2026-05
ORD-10114,2026-01-01,West,Gujarat,Vikas Kumar,CUST-1077,Small Business,Furniture,Tables,Office Table,5,12000,0.15,51000.0,44000,7000.0,OK,51000.0,7000.0,2026-01
ORD-10115,2026-05-04,Central,Chhattisgarh,Sneha Patel,CUST-1086,Small Business,Technology,Phones,Smartphone X,8,28000,0.1,201600.0,176000,25600.0,OK,201600.0,25600.0,2026-05
ORD-10116,2026-02-18,Central,Chhattisgarh,Neha Gupta,CUST-1099,Corporate,Furniture,Chairs,Ergonomic Chair,6,9500,0.15,48450.0,41400,7050.0,OK,48450.0,7050.0,2026-02
ORD-10117,2026-08-22,West,Maharashtra,Arjun Mehta,CUST-1099,Small Business,Office Supplies,Stationery,Gel Pen Pack,8,180,0.12,1267.2,720,547.2,OK,1267.2,547.2,2026-08
ORD-10118,2026-06-01,South,Tamil Nadu,Sneha Patel,CUST-1026,Consumer,Technology,Accessories,Wireless Keyboard,3,1200,0.1,3240.0,2340,900.0,OK,3240.0,900.0,2026-06
ORD-10119,2026-02-06,North,Punjab,Arjun Mehta,CUST-1040,Corporate,Furniture,Chairs,Ergonomic Chair,1,9500,0.12,8360.0,6900,1460.0,OK,8360.0,1460.0,2026-02
ORD-10120,2026-01-21,West,Gujarat,Sneha Patel,CUST-1137,Consumer,Office Supplies,Stationery,Gel Pen Pack,7,180,0.12,1108.8,630,478.8,OK,1108.8,478.8,2026-01
ORD-10121,2026-01-18,East,Bihar,Neha Gupta,CUST-1074,Corporate,Furniture,Chairs,Ergonomic Chair,1,9500,0.1,8550.0,6900,1650.0,OK,8550.0,1650.0,2026-01
ORD-10122,2026-02-12,North,Delhi,Vikas Kumar,CUST-1008,Corporate,Technology,Accessories,Wireless Mouse,2,800,0.08,1472.0,960,512.0,OK,1472.0,512.0,2026-02
ORD-10123,2026-04-21,East,West Bengal,Amit Singh,CUST-1063,Small Business,Office Supplies,Stationery,Premium Notebook,6,450,0.05,2565.0,1500,1065.0,OK,2565.0,1065.0,2026-04
ORD-10124,2026-01-21,West,Rajasthan,Arjun Mehta,CUST-1062,Consumer,Technology,Phones,Smartphone X,3,28000,0.03,81480.0,66000,15480.0,OK,81480.0,15480.0,2026-01
ORD-10125,2026-03-07,Central,Madhya Pradesh,Pooja Yadav,CUST-1066,Small Business,Technology,Laptops,Business Laptop,8,65000,0.12,457600.0,416000,41600.0,OK,457600.0,41600.0,2026-03
ORD-10126,2026-04-24,North,Delhi,Sneha Patel,CUST-1077,Small Business,Office Supplies,Stationery,Premium Notebook,3,450,0.0,1350.0,750,600.0,OK,1350.0,600.0,2026-04
ORD-10127,2026-03-19,West,Rajasthan,Neha Gupta,CUST-1099,Consumer,Office Supplies,Stationery,Premium Notebook,8,450,0.15,3060.0,2000,1060.0,OK,3060.0,1060.0,2026-03
ORD-10128,2026-03-17,North,Uttar Pradesh,Vikas Kumar,CUST-1006,Small Business,Office Supplies,Storage,File Organizer,6,350,0.1,1890.0,1140,750.0,OK,1890.0,750.0,2026-03
ORD-10129,2026-07-10,West,Gujarat,Pooja Yadav,CUST-1074,Corporate,Technology,Accessories,Wireless Keyboard,1,1200,0.1,1080.0,780,300.0,OK,1080.0,300.0,2026-07
ORD-10130,2026-03-06,Central,Chhattisgarh,Amit Singh,CUST-1025,Small Business,Technology,Laptops,Business Laptop,4,65000,0.1,234000.0,208000,26000.0,OK,234000.0,26000.0,2026-03
ORD-10131,2026-04-04,West,Delhi,Amit Singh,CUST-1024,Consumer,Furniture,Chairs,Ergonomic Chair,1,9500,0.1,8550.0,6900,1650.0,OK,8550.0,1650.0,2026-04
ORD-10132,2026-02-03,East,Bihar,Sneha Patel,CUST-1136,Small Business,Office Supplies,Storage,File Organizer,3,350,0.03,1018.5,570,448.5,OK,1018.5,448.5,2026-02
ORD-10133,2026-03-17,East,West Bengal,Sneha Patel,CUST-1030,Consumer,Office Supplies,Stationery,Premium Notebook,8,450,0.15,3060.0,2000,1060.0,OK,3060.0,1060.0,2026-03
ORD-10134,2026-07-25,North,Uttar Pradesh,Sneha Patel,CUST-1024,Consumer,Technology,Laptops,Business Laptop,7,65000,0.15,386750.0,364000,22750.0,OK,386750.0,22750.0,2026-07
ORD-10135,2026-04-05,North,Delhi,Vikas Kumar,CUST-1098,Small Business,Furniture,Tables,Office Table,2,12000,0.08,22080.0,17600,4480.0,OK,22080.0,4480.0,2026-04
ORD-10136,2026-06-08,East,West Bengal,Sneha Patel,CUST-1057,Small Business,Technology,Laptops,Business Laptop,8,65000,0.0,520000.0,416000,104000.0,OK,520000.0,104000.0,2026-06
ORD-10137,2026-04-15,North,Punjab,Priya Verma,CUST-1036,Corporate,Furniture,Chairs,Ergonomic Chair,5,9500,0.12,41800.0,34500,7300.0,OK,41800.0,7300.0,2026-04
ORD-10138,2026-03-02,North,Delhi,Amit Singh,CUST-1100,Consumer,Furniture,Chairs,Ergonomic Chair,2,9500,0.0,19000.0,13800,5200.0,OK,19000.0,5200.0,2026-03
ORD-10139,2026-07-10,East,Bihar,Amit Singh,CUST-1107,Small Business,Furniture,Tables,Office Table,7,12000,0.1,75600.0,61600,14000.0,OK,75600.0,14000.0,2026-07
ORD-10140,2026-01-09,North,Delhi,Sneha Patel,CUST-1056,Consumer,Furniture,Storage,Storage Cabinet,7,14500,0.05,96425.0,73500,22925.0,OK,96425.0,22925.0,2026-01
ORD-10141,2026-04-05,West,Maharashtra,Sneha Patel,CUST-1016,Consumer,Office Supplies,Stationery,Gel Pen Pack,2,180,0.12,316.8,180,136.8,OK,316.8,136.8,2026-04
ORD-10142,2026-06-19,East,West Bengal,Neha Gupta,CUST-1006,Corporate,Technology,Accessories,Wireless Mouse,8,800,0.0,6400.0,3840,2560.0,OK,6400.0,2560.0,2026-06
ORD-10143,2026-08-01,East,West Bengal,Neha Gupta,CUST-1056,Corporate,Technology,Phones,Smartphone X,4,28000,0.0,112000.0,88000,24000.0,OK,112000.0,24000.0,2026-08
ORD-10144,2026-08-08,East,West Bengal,Amit Singh,CUST-1034,Small Business,Furniture,Storage,Storage Cabinet,1,14500,0.05,13775.0,10500,3275.0,OK,13775.0,3275.0,2026-08
ORD-10145,2026-01-04,East,West Bengal,Sneha Patel,CUST-1061,Small Business,Technology,Accessories,Wireless Mouse,1,800,0.03,776.0,480,296.0,OK,776.0,296.0,2026-01
ORD-10146,2026-02-02,East,West Bengal,Arjun Mehta,CUST-1135,Corporate,Technology,Phones,Smartphone X,5,28000,0.0,140000.0,110000,30000.0,OK,140000.0,30000.0,2026-02
ORD-10147,2026-06-01,North,Delhi,Priya Verma,CUST-1116,Small Business,Furniture,Chairs,Ergonomic Chair,6,9500,0.1,51300.0,41400,9900.0,OK,51300.0,9900.0,2026-06
ORD-10148,2026-06-14,South,Telangana,Rahul Sharma,CUST-1016,Consumer,Technology,Accessories,Wireless Keyboard,5,1200,0.08,5520.0,3900,1620.0,OK,5520.0,1620.0,2026-06
ORD-10149,2026-08-21,West,Gujarat,Pooja Yadav,CUST-1019,Corporate,Technology,Accessories,Wireless Mouse,8,800,0.12,5632.0,3840,1792.0,OK,5632.0,1792.0,2026-08
ORD-10150,2026-03-12,East,Bihar,Sneha Patel,CUST-1098,Small Business,Technology,Phones,Smartphone X,2,28000,0.03,54320.0,44000,10320.0,OK,54320.0,10320.0,2026-03
ORD-10151,2026-07-23,Central,Chhattisgarh,Priya Verma,CUST-1056,Consumer,Furniture,Chairs,Ergonomic Chair,7,9500,0.0,66500.0,48300,18200.0,OK,66500.0,18200.0,2026-07
ORD-10152,2026-04-27,West,Maharashtra,Arjun Mehta,CUST-1107,Small Business,Office Supplies,Storage,File Organizer,6,350,0.15,1785.0,1140,645.0,OK,1785.0,645.0,2026-04
ORD-10153,2026-03-07,North,Delhi,Sneha Patel,CUST-1040,Small Business,Office Supplies,Storage,File Organizer,6,350,0.12,1848.0,1140,708.0,OK,1848.0,708.0,2026-03
ORD-10154,2026-04-21,West,Maharashtra,Priya Verma,CUST-1096,Corporate,Technology,Accessories,Wireless Mouse,2,800,0.0,1600.0,960,640.0,OK,1600.0,640.0,2026-04
ORD-10155,2026-02-01,Central,Madhya Pradesh,Arjun Mehta,CUST-1091,Small Business,Furniture,Storage,Storage Cabinet,6,14500,0.12,76560.0,63000,13560.0,OK,76560.0,13560.0,2026-02
ORD-10156,2026-03-21,West,Rajasthan,Sneha Patel,CUST-1027,Small Business,Technology,Accessories,Wireless Keyboard,5,1200,0.1,5400.0,3900,1500.0,OK,5400.0,1500.0,2026-03
ORD-10157,2026-08-05,Central,Madhya Pradesh,Priya Verma,CUST-1090,Small Business,Technology,Phones,Smartphone X,8,28000,0.03,217280.0,176000,41280.0,OK,217280.0,41280.0,2026-08
ORD-10158,2026-04-20,East,West Bengal,Rahul Sharma,CUST-1069,Corporate,Office Supplies,Stationery,Premium Notebook,4,450,0.15,1530.0,1000,530.0,OK,1530.0,530.0,2026-04
ORD-10159,2026-01-02,South,Tamil Nadu,Amit Singh,CUST-1037,Small Business,Office Supplies,Stationery,Premium Notebook,6,450,0.05,2565.0,1500,1065.0,OK,2565.0,1065.0,2026-01
ORD-10160,2026-07-11,West,Maharashtra,Neha Gupta,CUST-1097,Consumer,Technology,Phones,Smartphone X,1,28000,0.0,28000.0,22000,6000.0,OK,28000.0,6000.0,2026-07
ORD-10161,2026-07-04,West,Gujarat,Sneha Patel,CUST-1022,Corporate,Technology,Phones,Smartphone X,6,28000,0.05,159600.0,132000,27600.0,OK,159600.0,27600.0,2026-07
ORD-10162,2026-01-21,South,Karnataka,Vikas Kumar,CUST-1114,Small Business,Furniture,Storage,Storage Cabinet,1,14500,0.12,12760.0,10500,2260.0,OK,12760.0,2260.0,2026-01
ORD-10163,2026-03-11,West,Gujarat,Neha Gupta,CUST-1132,Corporate,Furniture,Storage,Storage Cabinet,8,14500,0.08,106720.0,84000,22720.0,OK,106720.0,22720.0,2026-03
ORD-10164,2026-06-23,East,Odisha,Pooja Yadav,CUST-1135,Small Business,Technology,Accessories,Wireless Mouse,5,800,0.12,3520.0,2400,1120.0,OK,3520.0,1120.0,2026-06
ORD-10165,2026-01-15,East,West Bengal,Rahul Sharma,CUST-1053,Consumer,Technology,Laptops,Business Laptop,7,65000,0.1,409500.0,364000,45500.0,OK,409500.0,45500.0,2026-01
ORD-10166,2026-01-31,South,Karnataka,Rahul Sharma,CUST-1128,Small Business,Office Supplies,Stationery,Premium Notebook,5,450,0.05,2137.5,1250,887.5,OK,2137.5,887.5,2026-01
ORD-10167,2026-06-30,West,Maharashtra,Neha Gupta,CUST-1129,Small Business,Technology,Phones,Smartphone X,7,28000,0.1,176400.0,154000,22400.0,OK,176400.0,22400.0,2026-06
ORD-10168,2026-01-05,East,West Bengal,Pooja Yadav,CUST-1020,Consumer,Office Supplies,Storage,File Organizer,1,350,0.08,322.0,190,132.0,OK,322.0,132.0,2026-01
ORD-10169,2026-06-13,Central,Chhattisgarh,Arjun Mehta,CUST-1075,Corporate,Furniture,Storage,Storage Cabinet,7,14500,0.12,89320.0,73500,15820.0,OK,89320.0,15820.0,2026-06
ORD-10170,2026-08-31,West,Maharashtra,Pooja Yadav,CUST-1093,Corporate,Office Supplies,Stationery,Gel Pen Pack,3,180,0.15,459.0,270,189.0,OK,459.0,189.0,2026-08
ORD-10171,2026-04-13,West,Maharashtra,Priya Verma,CUST-1102,Consumer,Technology,Laptops,Business Laptop,7,65000,0.1,409500.0,364000,45500.0,OK,409500.0,45500.0,2026-04
ORD-10172,2026-05-11,East,West Bengal,Priya Verma,CUST-1136,Small Business,Office Supplies,Stationery,Gel Pen Pack,3,180,0.0,540.0,270,270.0,OK,540.0,270.0,2026-05
ORD-10173,2026-01-27,South,Tamil Nadu,Amit Singh,CUST-1066,Corporate,Office Supplies,Stationery,Gel Pen Pack,3,180,0.03,523.8,270,253.8,OK,523.8,253.8,2026-01
ORD-10174,2026-07-17,South,Telangana,Pooja Yadav,CUST-1119,Small Business,Technology,Phones,Smartphone X,2,28000,0.03,54320.0,44000,10320.0,OK,54320.0,10320.0,2026-07
ORD-10175,2026-06-10,Central,Chhattisgarh,Sneha Patel,CUST-1039,Consumer,Furniture,Storage,Storage Cabinet,6,14500,0.15,73950.0,63000,10950.0,OK,73950.0,10950.0,2026-06
ORD-10176,2026-03-12,North,Delhi,Rahul Sharma,CUST-1091,Small Business,Furniture,Chairs,Ergonomic Chair,5,9500,0.15,40375.0,34500,5875.0,OK,40375.0,5875.0,2026-03
ORD-10177,2026-01-15,North,Delhi,Sneha Patel,CUST-1074,Corporate,Furniture,Chairs,Ergonomic Chair,8,9500,0.0,76000.0,55200,20800.0,OK,76000.0,20800.0,2026-01
ORD-10178,2026-05-29,North,Punjab,Rahul Sharma,CUST-1116,Small Business,Furniture,Storage,Storage Cabinet,7,14500,0.08,93380.0,73500,19880.0,OK,93380.0,19880.0,2026-05
ORD-10179,2026-02-08,South,Tamil Nadu,Rahul Sharma,CUST-1116,Corporate,Furniture,Storage,Storage Cabinet,8,14500,0.1,104400.0,84000,20400.0,OK,104400.0,20400.0,2026-02
ORD-10180,2026-03-05,East,Bihar,Pooja Yadav,CUST-1113,Small Business,Technology,Accessories,Wireless Mouse,3,800,0.0,2400.0,1440,960.0,OK,2400.0,960.0,2026-03
ORD-10181,2026-04-10,Central,Madhya Pradesh,Amit Singh,CUST-1087,Small Business,Office Supplies,Stationery,Gel Pen Pack,6,180,0.05,1026.0,540,486.0,OK,1026.0,486.0,2026-04
ORD-10182,2026-01-25,Central,Madhya Pradesh,Arjun Mehta,CUST-1073,Consumer,Office Supplies,Stationery,Gel Pen Pack,2,180,0.05,342.0,180,162.0,OK,342.0,162.0,2026-01
ORD-10183,2026-06-19,Central,Madhya Pradesh,Amit Singh,CUST-1090,Consumer,Office Supplies,Stationery,Gel Pen Pack,2,180,0.1,324.0,180,144.0,OK,324.0,144.0,2026-06
ORD-10184,2026-05-24,West,Maharashtra,Arjun Mehta,CUST-1085,Corporate,Furniture,Storage,Storage Cabinet,2,14500,0.05,27550.0,21000,6550.0,OK,27550.0,6550.0,2026-05
ORD-10185,2026-04-03,Central,Madhya Pradesh,Vikas Kumar,CUST-1047,Corporate,Office Supplies,Storage,File Organizer,6,350,0.0,2100.0,1140,960.0,OK,2100.0,960.0,2026-04
ORD-10186,2026-02-09,East,Odisha,Priya Verma,CUST-1076,Corporate,Technology,Laptops,Business Laptop,4,65000,0.03,252200.0,208000,44200.0,OK,252200.0,44200.0,2026-02
ORD-10187,2026-04-07,Central,Madhya Pradesh,Amit Singh,CUST-1042,Corporate,Office Supplies,Stationery,Gel Pen Pack,3,180,0.1,486.0,270,216.0,OK,486.0,216.0,2026-04
ORD-10188,2026-04-04,Central,Madhya Pradesh,Neha Gupta,CUST-1114,Small Business,Furniture,Chairs,Ergonomic Chair,1,9500,0.08,8740.0,6900,1840.0,OK,8740.0,1840.0,2026-04
ORD-10189,2026-03-03,East,Bihar,Vikas Kumar,CUST-1121,Corporate,Furniture,Chairs,Ergonomic Chair,4,9500,0.1,34200.0,27600,6600.0,OK,34200.0,6600.0,2026-03
ORD-10190,2026-07-16,East,Bihar,Vikas Kumar,CUST-1098,Small Business,Furniture,Storage,Storage Cabinet,8,14500,0.08,106720.0,84000,22720.0,OK,106720.0,22720.0,2026-07
ORD-10191,2026-06-04,Central,Chhattisgarh,Amit Singh,CUST-1065,Corporate,Technology,Phones,Smartphone X,4,28000,0.15,95200.0,88000,7200.0,OK,95200.0,7200.0,2026-06
ORD-10192,2026-08-05,West,Gujarat,Priya Verma,CUST-1073,Corporate,Furniture,Tables,Office Table,2,12000,0.12,21120.0,17600,3520.0,OK,21120.0,3520.0,2026-08
ORD-10193,2026-04-22,South,Tamil Nadu,Priya Verma,CUST-1057,Consumer,Furniture,Chairs,Ergonomic Chair,3,9500,0.15,24225.0,20700,3525.0,OK,24225.0,3525.0,2026-04
ORD-10194,2026-05-09,East,West Bengal,Sneha Patel,CUST-1061,Consumer,Office Supplies,Storage,File Organizer,1,350,0.08,322.0,190,132.0,OK,322.0,132.0,2026-05
ORD-10195,2026-08-27,North,Delhi,Priya Verma,CUST-1086,Corporate,Technology,Laptops,Business Laptop,1,65000,0.05,61750.0,52000,9750.0,OK,61750.0,9750.0,2026-08
ORD-10196,2026-08-01,South,Karnataka,Amit Singh,CUST-1121,Consumer,Office Supplies,Stationery,Premium Notebook,8,450,0.12,3168.0,2000,1168.0,OK,3168.0,1168.0,2026-08
ORD-10197,2026-02-25,Central,Madhya Pradesh,Amit Singh,CUST-1136,Consumer,Technology,Accessories,Wireless Mouse,1,800,0.05,760.0,480,280.0,OK,760.0,280.0,2026-02
ORD-10198,2026-01-13,North,Delhi,Neha Gupta,CUST-1108,Small Business,Technology,Laptops,Business Laptop,5,65000,0.0,325000.0,260000,65000.0,OK,325000.0,65000.0,2026-01
ORD-10199,2026-08-20,Central,Chhattisgarh,Pooja Yadav,CUST-1138,Corporate,Technology,Accessories,Wireless Mouse,2,800,0.15,1360.0,960,400.0,OK,1360.0,400.0,2026-08
ORD-10200,2026-01-01,Central,Madhya Pradesh,Sneha Patel,CUST-1062,Small Business,Technology,Phones,Smartphone X,5,28000,0.08,128800.0,110000,18800.0,OK,128800.0,18800.0,2026-01
ORD-10201,2026-05-15,West,Maharashtra,Rahul Sharma,CUST-1100,Consumer,Technology,Accessories,Wireless Mouse,6,800,0.0,4800.0,2880,1920.0,OK,4800.0,1920.0,2026-05
ORD-10202,2026-07-11,North,Punjab,Rahul Sharma,CUST-1092,Corporate,Office Supplies,Storage,File Organizer,6,350,0.05,1995.0,1140,855.0,OK,1995.0,855.0,2026-07
ORD-10203,2026-01-12,East,West Bengal,Sneha Patel,CUST-1140,Consumer,Technology,Accessories,Wireless Mouse,6,800,0.03,4656.0,2880,1776.0,OK,4656.0,1776.0,2026-01
ORD-10204,2026-02-16,South,Telangana,Amit Singh,CUST-1017,Small Business,Furniture,Chairs,Ergonomic Chair,8,9500,0.12,66880.0,55200,11680.0,OK,66880.0,11680.0,2026-02
ORD-10205,2026-07-22,West,Maharashtra,Neha Gupta,CUST-1011,Consumer,Office Supplies,Stationery,Premium Notebook,4,450,0.0,1800.0,1000,800.0,OK,1800.0,800.0,2026-07
ORD-10206,2026-01-10,East,Bihar,Neha Gupta,CUST-1074,Consumer,Office Supplies,Storage,File Organizer,8,350,0.05,2660.0,1520,1140.0,OK,2660.0,1140.0,2026-01
ORD-10207,2026-07-24,North,Punjab,Sneha Patel,CUST-1112,Consumer,Office Supplies,Stationery,Gel Pen Pack,5,180,0.0,900.0,450,450.0,OK,900.0,450.0,2026-07
ORD-10208,2026-06-27,West,Gujarat,Pooja Yadav,CUST-1095,Small Business,Office Supplies,Stationery,Gel Pen Pack,3,180,0.08,496.8,270,226.8,OK,496.8,226.8,2026-06
ORD-10209,2026-06-04,East,West Bengal,Amit Singh,CUST-1140,Consumer,Office Supplies,Storage,File Organizer,2,350,0.08,644.0,380,264.0,OK,644.0,264.0,2026-06
ORD-10210,2026-03-17,East,West Bengal,Vikas Kumar,CUST-1115,Small Business,Technology,Accessories,Wireless Mouse,6,800,0.12,4224.0,2880,1344.0,OK,4224.0,1344.0,2026-03
ORD-10211,2026-01-11,West,Maharashtra,Sneha Patel,CUST-1112,Consumer,Furniture,Chairs,Ergonomic Chair,6,9500,0.08,52440.0,41400,11040.0,OK,52440.0,11040.0,2026-01
ORD-10212,2026-07-25,North,Uttar Pradesh,Amit Singh,CUST-1008,Corporate,Office Supplies,Storage,File Organizer,6,350,0.1,1890.0,1140,750.0,OK,1890.0,750.0,2026-07
ORD-10213,2026-03-02,Central,Chhattisgarh,Sneha Patel,CUST-1093,Consumer,Technology,Accessories,Wireless Keyboard,3,1200,0.0,3600.0,2340,1260.0,OK,3600.0,1260.0,2026-03
ORD-10214,2026-04-26,Central,Madhya Pradesh,Sneha Patel,CUST-1096,Consumer,Furniture,Storage,Storage Cabinet,3,14500,0.12,38280.0,31500,6780.0,OK,38280.0,6780.0,2026-04
ORD-10215,2026-03-22,North,Punjab,Vikas Kumar,CUST-1064,Corporate,Technology,Phones,Smartphone X,6,28000,0.08,154560.0,132000,22560.0,OK,154560.0,22560.0,2026-03
ORD-10216,2026-04-10,North,Punjab,Priya Verma,CUST-1068,Consumer,Technology,Phones,Smartphone X,8,28000,0.1,201600.0,176000,25600.0,OK,201600.0,25600.0,2026-04
ORD-10217,2026-08-23,West,Maharashtra,Pooja Yadav,CUST-1052,Corporate,Furniture,Storage,Storage Cabinet,5,14500,0.12,63800.0,52500,11300.0,OK,63800.0,11300.0,2026-08
ORD-10218,2026-04-24,South,Karnataka,Priya Verma,CUST-1082,Small Business,Furniture,Chairs,Ergonomic Chair,3,9500,0.12,25080.0,20700,4380.0,OK,25080.0,4380.0,2026-04
ORD-10219,2026-08-06,East,Bihar,Amit Singh,CUST-1045,Consumer,Technology,Accessories,Wireless Mouse,5,800,0.05,3800.0,2400,1400.0,OK,3800.0,1400.0,2026-08
ORD-10220,2026-02-05,Central,Madhya Pradesh,Neha Gupta,CUST-1127,Corporate,Technology,Accessories,Wireless Mouse,4,800,0.15,2720.0,1920,800.0,OK,2720.0,800.0,2026-02
ORD-10221,2026-07-25,East,Bihar,Amit Singh,CUST-1023,Corporate,Furniture,Storage,Storage Cabinet,6,14500,0.08,80040.0,63000,17040.0,OK,80040.0,17040.0,2026-07
ORD-10222,2026-04-15,East,Odisha,Priya Verma,CUST-1033,Consumer,Furniture,Chairs,Ergonomic Chair,7,9500,0.15,56525.0,48300,8225.0,OK,56525.0,8225.0,2026-04
ORD-10223,2026-08-13,North,Delhi,Amit Singh,CUST-1034,Consumer,Furniture,Chairs,Ergonomic Chair,6,9500,0.03,55290.0,41400,13890.0,OK,55290.0,13890.0,2026-08
ORD-10224,2026-02-12,Central,Madhya Pradesh,Amit Singh,CUST-1083,Small Business,Technology,Accessories,Wireless Mouse,3,800,0.05,2280.0,1440,840.0,OK,2280.0,840.0,2026-02
ORD-10225,2026-01-21,South,Tamil Nadu,Vikas Kumar,CUST-1051,Small Business,Furniture,Tables,Office Table,5,12000,0.15,51000.0,44000,7000.0,OK,51000.0,7000.0,2026-01
ORD-10226,2026-05-17,Central,Chhattisgarh,Priya Verma,CUST-1129,Small Business,Technology,Phones,Smartphone X,5,28000,0.1,126000.0,110000,16000.0,OK,126000.0,16000.0,2026-05
ORD-10227,2026-06-18,South,Telangana,Sneha Patel,CUST-1011,Corporate,Furniture,Storage,Storage Cabinet,3,14500,0.03,42195.0,31500,10695.0,OK,42195.0,10695.0,2026-06
ORD-10228,2026-02-23,North,Uttar Pradesh,Arjun Mehta,CUST-1008,Consumer,Furniture,Storage,Storage Cabinet,5,14500,0.12,63800.0,52500,11300.0,OK,63800.0,11300.0,2026-02
ORD-10229,2026-07-26,Central,Chhattisgarh,Arjun Mehta,CUST-1077,Consumer,Office Supplies,Stationery,Premium Notebook,8,450,0.03,3492.0,2000,1492.0,OK,3492.0,1492.0,2026-07
ORD-10230,2026-04-17,North,Punjab,Pooja Yadav,CUST-1119,Corporate,Technology,Accessories,Wireless Keyboard,3,1200,0.08,3312.0,2340,972.0,OK,3312.0,972.0,2026-04
ORD-10231,2026-07-03,East,Bihar,Sneha Patel,CUST-1089,Consumer,Technology,Phones,Smartphone X,6,28000,0.15,142800.0,132000,10800.0,OK,142800.0,10800.0,2026-07
ORD-10232,2026-03-03,South,Tamil Nadu,Pooja Yadav,CUST-1032,Consumer,Furniture,Tables,Office Table,2,12000,0.05,22800.0,17600,5200.0,OK,22800.0,5200.0,2026-03
ORD-10233,2026-03-16,West,Maharashtra,Arjun Mehta,CUST-1108,Corporate,Technology,Phones,Smartphone X,2,28000,0.0,56000.0,44000,12000.0,OK,56000.0,12000.0,2026-03
ORD-10234,2026-07-15,South,Tamil Nadu,Amit Singh,CUST-1128,Small Business,Furniture,Storage,Storage Cabinet,6,14500,0.03,84390.0,63000,21390.0,OK,84390.0,21390.0,2026-07
ORD-10235,2026-01-24,West,Gujarat,Arjun Mehta,CUST-1130,Consumer,Office Supplies,Stationery,Premium Notebook,8,450,0.0,3600.0,2000,1600.0,OK,3600.0,1600.0,2026-01
ORD-10236,2026-01-13,South,Karnataka,Vikas Kumar,CUST-1127,Small Business,Furniture,Storage,Storage Cabinet,6,14500,0.0,87000.0,63000,24000.0,OK,87000.0,24000.0,2026-01
ORD-10237,2026-01-28,West,Gujarat,Arjun Mehta,CUST-1035,Consumer,Furniture,Tables,Office Table,1,12000,0.15,10200.0,8800,1400.0,OK,10200.0,1400.0,2026-01
ORD-10238,2026-01-14,East,Odisha,Neha Gupta,CUST-1093,Small Business,Office Supplies,Stationery,Gel Pen Pack,1,180,0.08,165.6,90,75.6,OK,165.6,75.6,2026-01
ORD-10239,2026-05-21,East,West Bengal,Vikas Kumar,CUST-1031,Corporate,Office Supplies,Storage,File Organizer,8,350,0.15,2380.0,1520,860.0,OK,2380.0,860.0,2026-05
ORD-10240,2026-08-29,North,Delhi,Sneha Patel,CUST-1037,Corporate,Office Supplies,Stationery,Gel Pen Pack,6,180,0.1,972.0,540,432.0,OK,972.0,432.0,2026-08
ORD-10241,2026-01-10,Central,Chhattisgarh,Amit Singh,CUST-1086,Consumer,Furniture,Tables,Office Table,1,12000,0.0,12000.0,8800,3200.0,OK,12000.0,3200.0,2026-01
ORD-10242,2026-08-27,Central,Chhattisgarh,Sneha Patel,CUST-1042,Consumer,Technology,Phones,Smartphone X,3,28000,0.05,79800.0,66000,13800.0,OK,79800.0,13800.0,2026-08
ORD-10243,2026-08-01,Central,Chhattisgarh,Pooja Yadav,CUST-1077,Consumer,Furniture,Storage,Storage Cabinet,6,14500,0.1,78300.0,63000,15300.0,OK,78300.0,15300.0,2026-08
ORD-10244,2026-05-30,North,Delhi,Vikas Kumar,CUST-1007,Small Business,Office Supplies,Stationery,Gel Pen Pack,2,180,0.08,331.2,180,151.2,OK,331.2,151.2,2026-05
ORD-10245,2026-01-14,West,Gujarat,Pooja Yadav,CUST-1044,Small Business,Furniture,Storage,Storage Cabinet,4,14500,0.12,51040.0,42000,9040.0,OK,51040.0,9040.0,2026-01
ORD-10246,2026-05-27,Central,Chhattisgarh,Priya Verma,CUST-1049,Corporate,Technology,Phones,Smartphone X,4,28000,0.0,112000.0,88000,24000.0,OK,112000.0,24000.0,2026-05
ORD-10247,2026-06-26,West,Gujarat,Neha Gupta,CUST-1106,Small Business,Office Supplies,Storage,File Organizer,3,350,0.08,966.0,570,396.0,OK,966.0,396.0,2026-06
ORD-10248,2026-02-23,Central,Chhattisgarh,Sneha Patel,CUST-1123,Small Business,Technology,Accessories,Wireless Keyboard,3,1200,0.1,3240.0,2340,900.0,OK,3240.0,900.0,2026-02
ORD-10249,2026-03-29,West,Gujarat,Sneha Patel,CUST-1068,Small Business,Technology,Phones,Smartphone X,8,28000,0.1,201600.0,176000,25600.0,OK,201600.0,25600.0,2026-03
ORD-10250,2026-03-18,West,Maharashtra,Neha Gupta,CUST-1077,Consumer,Technology,Laptops,Business Laptop,5,65000,0.1,292500.0,260000,32500.0,OK,292500.0,32500.0,2026-03
ORD-10251,2026-03-31,South,Telangana,Vikas Kumar,CUST-1074,Corporate,Furniture,Chairs,Ergonomic Chair,6,9500,0.08,52440.0,41400,11040.0,OK,52440.0,11040.0,2026-03
ORD-10252,2026-07-25,Central,Chhattisgarh,Amit Singh,CUST-1075,Corporate,Office Supplies,Storage,File Organizer,6,350,0.15,1785.0,1140,645.0,OK,1785.0,645.0,2026-07
ORD-10253,2026-06-17,East,Bihar,Vikas Kumar,CUST-1123,Corporate,Technology,Accessories,Wireless Mouse,6,800,0.08,4416.0,2880,1536.0,OK,4416.0,1536.0,2026-06
ORD-10254,2026-01-28,South,Telangana,Neha Gupta,CUST-1063,Corporate,Office Supplies,Stationery,Premium Notebook,5,450,0.03,2182.5,1250,932.5,OK,2182.5,932.5,2026-01
ORD-10255,2026-04-16,Central,Madhya Pradesh,Sneha Patel,CUST-1121,Corporate,Technology,Laptops,Business Laptop,1,65000,0.0,65000.0,52000,13000.0,OK,65000.0,13000.0,2026-04
ORD-10256,2026-06-17,South,Karnataka,Pooja Yadav,CUST-1123,Small Business,Furniture,Tables,Office Table,3,12000,0.08,33120.0,26400,6720.0,OK,33120.0,6720.0,2026-06
ORD-10257,2026-01-16,South,Tamil Nadu,Priya Verma,CUST-1060,Small Business,Office Supplies,Stationery,Gel Pen Pack,5,180,0.12,792.0,450,342.0,OK,792.0,342.0,2026-01
ORD-10258,2026-08-03,North,Uttar Pradesh,Arjun Mehta,CUST-1127,Corporate,Office Supplies,Storage,File Organizer,3,350,0.0,1050.0,570,480.0,OK,1050.0,480.0,2026-08
ORD-10259,2026-06-04,East,West Bengal,Priya Verma,CUST-1086,Consumer,Technology,Accessories,Wireless Keyboard,5,1200,0.1,5400.0,3900,1500.0,OK,5400.0,1500.0,2026-06
ORD-10260,2026-08-06,West,Rajasthan,Pooja Yadav,CUST-1070,Corporate,Furniture,Tables,Office Table,8,12000,0.03,93120.0,70400,22720.0,OK,93120.0,22720.0,2026-08
ORD-10261,2026-03-07,North,Delhi,Amit Singh,CUST-1004,Small Business,Technology,Phones,Smartphone X,8,28000,0.12,197120.0,176000,21120.0,OK,197120.0,21120.0,2026-03
ORD-10262,2026-06-06,East,Odisha,Arjun Mehta,CUST-1110,Small Business,Furniture,Storage,Storage Cabinet,4,14500,0.03,56260.0,42000,14260.0,OK,56260.0,14260.0,2026-06
ORD-10263,2026-02-05,East,West Bengal,Pooja Yadav,CUST-1083,Corporate,Office Supplies,Storage,File Organizer,2,350,0.03,679.0,380,299.0,OK,679.0,299.0,2026-02
ORD-10264,2026-07-12,North,Delhi,Vikas Kumar,CUST-1085,Consumer,Office Supplies,Storage,File Organizer,4,350,0.08,1288.0,760,528.0,OK,1288.0,528.0,2026-07
ORD-10265,2026-03-02,Central,Madhya Pradesh,Rahul Sharma,CUST-1031,Consumer,Office Supplies,Stationery,Premium Notebook,6,450,0.12,2376.0,1500,876.0,OK,2376.0,876.0,2026-03
ORD-10266,2026-01-31,East,West Bengal,Vikas Kumar,CUST-1095,Small Business,Office Supplies,Storage,File Organizer,5,350,0.12,1540.0,950,590.0,OK,1540.0,590.0,2026-01
ORD-10267,2026-04-27,South,Karnataka,Sneha Patel,CUST-1107,Small Business,Technology,Phones,Smartphone X,8,28000,0.03,217280.0,176000,41280.0,OK,217280.0,41280.0,2026-04
ORD-10268,2026-03-05,Central,Chhattisgarh,Priya Verma,CUST-1135,Consumer,Furniture,Tables,Office Table,4,12000,0.15,40800.0,35200,5600.0,OK,40800.0,5600.0,2026-03
ORD-10269,2026-08-01,Central,Chhattisgarh,Neha Gupta,CUST-1138,Corporate,Technology,Accessories,Wireless Mouse,2,800,0.0,1600.0,960,640.0,OK,1600.0,640.0,2026-08
ORD-10270,2026-06-24,South,Tamil Nadu,Neha Gupta,CUST-1126,Corporate,Furniture,Tables,Office Table,8,12000,0.0,96000.0,70400,25600.0,OK,96000.0,25600.0,2026-06
ORD-10271,2026-05-12,Central,Chhattisgarh,Arjun Mehta,CUST-1117,Small Business,Technology,Accessories,Wireless Keyboard,8,1200,0.03,9312.0,6240,3072.0,OK,9312.0,3072.0,2026-05
ORD-10272,2026-01-06,North,Punjab,Arjun Mehta,CUST-1066,Corporate,Furniture,Chairs,Ergonomic Chair,5,9500,0.12,41800.0,34500,7300.0,OK,41800.0,7300.0,2026-01
ORD-10273,2026-03-30,South,Telangana,Priya Verma,CUST-1139,Corporate,Technology,Accessories,Wireless Mouse,1,800,0.08,736.0,480,256.0,OK,736.0,256.0,2026-03
ORD-10274,2026-02-16,North,Delhi,Amit Singh,CUST-1108,Consumer,Technology,Accessories,Wireless Keyboard,5,1200,0.08,5520.0,3900,1620.0,OK,5520.0,1620.0,2026-02
ORD-10275,2026-06-24,West,Gujarat,Amit Singh,CUST-1090,Corporate,Office Supplies,Storage,File Organizer,7,350,0.0,2450.0,1330,1120.0,OK,2450.0,1120.0,2026-06
ORD-10276,2026-02-27,South,Telangana,Rahul Sharma,CUST-1006,Consumer,Office Supplies,Storage,File Organizer,3,350,0.12,924.0,570,354.0,OK,924.0,354.0,2026-02
ORD-10277,2026-04-08,West,Rajasthan,Neha Gupta,CUST-1064,Consumer,Furniture,Tables,Office Table,7,12000,0.1,75600.0,61600,14000.0,OK,75600.0,14000.0,2026-04
ORD-10278,2026-07-15,East,West Bengal,Priya Verma,CUST-1009,Small Business,Office Supplies,Stationery,Premium Notebook,4,450,0.12,1584.0,1000,584.0,OK,1584.0,584.0,2026-07
ORD-10279,2026-01-18,West,Rajasthan,Priya Verma,CUST-1009,Consumer,Technology,Accessories,Wireless Keyboard,4,1200,0.03,4656.0,3120,1536.0,OK,4656.0,1536.0,2026-01
ORD-10280,2026-04-23,Central,Madhya Pradesh,Neha Gupta,CUST-1139,Corporate,Technology,Laptops,Business Laptop,1,65000,0.08,59800.0,52000,7800.0,OK,59800.0,7800.0,2026-04
ORD-10281,2026-07-28,North,Uttar Pradesh,Sneha Patel,CUST-1083,Corporate,Furniture,Tables,Office Table,5,12000,0.03,58200.0,44000,14200.0,OK,58200.0,14200.0,2026-07
ORD-10282,2026-03-18,East,West Bengal,Vikas Kumar,CUST-1016,Small Business,Furniture,Tables,Office Table,4,12000,0.08,44160.0,35200,8960.0,OK,44160.0,8960.0,2026-03
ORD-10283,2026-03-30,Central,Madhya Pradesh,Arjun Mehta,CUST-1135,Consumer,Office Supplies,Storage,File Organizer,8,350,0.0,2800.0,1520,1280.0,OK,2800.0,1280.0,2026-03
ORD-10284,2026-02-17,West,Gujarat,Pooja Yadav,CUST-1062,Corporate,Technology,Phones,Smartphone X,5,28000,0.08,128800.0,110000,18800.0,OK,128800.0,18800.0,2026-02
ORD-10285,2026-05-24,East,Bihar,Arjun Mehta,CUST-1107,Small Business,Technology,Phones,Smartphone X,8,28000,0.0,224000.0,176000,48000.0,OK,224000.0,48000.0,2026-05
ORD-10286,2026-02-22,Central,Madhya Pradesh,Sneha Patel,CUST-1021,Consumer,Office Supplies,Storage,File Organizer,4,350,0.05,1330.0,760,570.0,OK,1330.0,570.0,2026-02
ORD-10287,2026-03-10,East,West Bengal,Arjun Mehta,CUST-1011,Corporate,Furniture,Tables,Office Table,4,12000,0.0,48000.0,35200,12800.0,OK,48000.0,12800.0,2026-03
ORD-10288,2026-02-23,South,Telangana,Sneha Patel,CUST-1078,Corporate,Furniture,Tables,Office Table,4,12000,0.08,44160.0,35200,8960.0,OK,44160.0,8960.0,2026-02
ORD-10289,2026-06-28,South,Karnataka,Neha Gupta,CUST-1102,Corporate,Technology,Accessories,Wireless Mouse,8,800,0.03,6208.0,3840,2368.0,OK,6208.0,2368.0,2026-06
ORD-10290,2026-05-17,Central,Chhattisgarh,Sneha Patel,CUST-1079,Consumer,Office Supplies,Stationery,Premium Notebook,7,450,0.08,2898.0,1750,1148.0,OK,2898.0,1148.0,2026-05
ORD-10291,2026-07-25,East,Bihar,Pooja Yadav,CUST-1082,Corporate,Furniture,Chairs,Ergonomic Chair,8,9500,0.0,76000.0,55200,20800.0,OK,76000.0,20800.0,2026-07
ORD-10292,2026-08-10,East,Odisha,Neha Gupta,CUST-1038,Corporate,Office Supplies,Storage,File Organizer,1,350,0.1,315.0,190,125.0,OK,315.0,125.0,2026-08
ORD-10293,2026-02-09,East,Bihar,Neha Gupta,CUST-1085,Corporate,Furniture,Storage,Storage Cabinet,7,14500,0.05,96425.0,73500,22925.0,OK,96425.0,22925.0,2026-02
ORD-10294,2026-06-17,West,Rajasthan,Sneha Patel,CUST-1066,Consumer,Technology,Laptops,Business Laptop,8,65000,0.1,468000.0,416000,52000.0,OK,468000.0,52000.0,2026-06
ORD-10295,2026-02-05,West,Gujarat,Pooja Yadav,CUST-1048,Small Business,Technology,Phones,Smartphone X,6,28000,0.03,162960.0,132000,30960.0,OK,162960.0,30960.0,2026-02
ORD-10296,2026-06-21,North,Punjab,Rahul Sharma,CUST-1002,Consumer,Technology,Accessories,Wireless Keyboard,2,1200,0.15,2040.0,1560,480.0,OK,2040.0,480.0,2026-06
ORD-10297,2026-02-08,South,Telangana,Rahul Sharma,CUST-1056,Small Business,Technology,Laptops,Business Laptop,2,65000,0.12,114400.0,104000,10400.0,OK,114400.0,10400.0,2026-02
ORD-10298,2026-05-05,West,Gujarat,Rahul Sharma,CUST-1002,Small Business,Technology,Accessories,Wireless Keyboard,8,1200,0.12,8448.0,6240,2208.0,OK,8448.0,2208.0,2026-05
ORD-10299,2026-07-04,Central,Chhattisgarh,Vikas Kumar,CUST-1138,Consumer,Technology,Accessories,Wireless Keyboard,1,1200,0.1,1080.0,780,300.0,OK,1080.0,300.0,2026-07
ORD-10300,2026-08-24,North,Punjab,Priya Verma,CUST-1135,Corporate,Office Supplies,Storage,File Organizer,3,350,0.0,1050.0,570,480.0,OK,1050.0,480.0,2026-08
ORD-10301,2026-04-01,South,Karnataka,Vikas Kumar,CUST-1102,Corporate,Furniture,Storage,Storage Cabinet,5,14500,0.15,61625.0,52500,9125.0,OK,61625.0,9125.0,2026-04
ORD-10302,2026-02-27,East,Odisha,Vikas Kumar,CUST-1021,Small Business,Furniture,Chairs,Ergonomic Chair,4,9500,0.12,33440.0,27600,5840.0,OK,33440.0,5840.0,2026-02
ORD-10303,2026-05-22,North,Uttar Pradesh,Pooja Yadav,CUST-1015,Small Business,Office Supplies,Storage,File Organizer,7,350,0.08,2254.0,1330,924.0,OK,2254.0,924.0,2026-05
ORD-10304,2026-08-05,North,Punjab,Arjun Mehta,CUST-1085,Small Business,Technology,Phones,Smartphone X,2,28000,0.08,51520.0,44000,7520.0,OK,51520.0,7520.0,2026-08
ORD-10305,2026-08-19,North,Punjab,Pooja Yadav,CUST-1070,Corporate,Technology,Accessories,Wireless Keyboard,4,1200,0.03,4656.0,3120,1536.0,OK,4656.0,1536.0,2026-08
ORD-10306,2026-08-26,North,Punjab,Sneha Patel,CUST-1005,Corporate,Office Supplies,Stationery,Premium Notebook,1,450,0.03,436.5,250,186.5,OK,436.5,186.5,2026-08
ORD-10307,2026-02-11,Central,Madhya Pradesh,Neha Gupta,CUST-1100,Small Business,Office Supplies,Storage,File Organizer,2,350,0.05,665.0,380,285.0,OK,665.0,285.0,2026-02
ORD-10308,2026-06-26,Central,Chhattisgarh,Priya Verma,CUST-1129,Small Business,Office Supplies,Storage,File Organizer,3,350,0.15,892.5,570,322.5,OK,892.5,322.5,2026-06
ORD-10309,2026-08-03,East,West Bengal,Priya Verma,CUST-1088,Small Business,Technology,Accessories,Wireless Mouse,7,800,0.03,5432.0,3360,2072.0,OK,5432.0,2072.0,2026-08
ORD-10310,2026-03-11,Central,Chhattisgarh,Pooja Yadav,CUST-1126,Corporate,Office Supplies,Stationery,Gel Pen Pack,1,180,0.12,158.4,90,68.4,OK,158.4,68.4,2026-03
ORD-10311,2026-06-24,East,Bihar,Arjun Mehta,CUST-1022,Small Business,Office Supplies,Storage,File Organizer,7,350,0.03,2376.5,1330,1046.5,OK,2376.5,1046.5,2026-06
ORD-10312,2026-02-09,East,West Bengal,Arjun Mehta,CUST-1040,Small Business,Technology,Accessories,Wireless Mouse,2,800,0.05,1520.0,960,560.0,OK,1520.0,560.0,2026-02
ORD-10313,2026-01-02,West,Gujarat,Vikas Kumar,CUST-1114,Consumer,Office Supplies,Stationery,Gel Pen Pack,2,180,0.0,360.0,180,180.0,OK,360.0,180.0,2026-01
ORD-10314,2026-04-21,East,West Bengal,Pooja Yadav,CUST-1132,Consumer,Technology,Phones,Smartphone X,2,28000,0.03,54320.0,44000,10320.0,OK,54320.0,10320.0,2026-04
ORD-10315,2026-01-24,North,Uttar Pradesh,Sneha Patel,CUST-1099,Corporate,Technology,Accessories,Wireless Mouse,6,800,0.1,4320.0,2880,1440.0,OK,4320.0,1440.0,2026-01
ORD-10316,2026-08-19,East,Odisha,Neha Gupta,CUST-1134,Corporate,Office Supplies,Storage,File Organizer,2,350,0.12,616.0,380,236.0,OK,616.0,236.0,2026-08
ORD-10317,2026-03-10,West,Maharashtra,Pooja Yadav,CUST-1038,Corporate,Technology,Phones,Smartphone X,5,28000,0.05,133000.0,110000,23000.0,OK,133000.0,23000.0,2026-03
ORD-10318,2026-05-04,South,Tamil Nadu,Priya Verma,CUST-1093,Consumer,Office Supplies,Stationery,Premium Notebook,7,450,0.05,2992.5,1750,1242.5,OK,2992.5,1242.5,2026-05
ORD-10319,2026-01-28,South,Telangana,Amit Singh,CUST-1078,Corporate,Furniture,Chairs,Ergonomic Chair,4,9500,0.08,34960.0,27600,7360.0,OK,34960.0,7360.0,2026-01
ORD-10320,2026-08-09,West,Gujarat,Sneha Patel,CUST-1113,Consumer,Furniture,Storage,Storage Cabinet,7,14500,0.15,86275.0,73500,12775.0,OK,86275.0,12775.0,2026-08
ORD-10321,2026-03-24,West,Rajasthan,Neha Gupta,CUST-1123,Consumer,Furniture,Storage,Storage Cabinet,3,14500,0.05,41325.0,31500,9825.0,OK,41325.0,9825.0,2026-03
ORD-10322,2026-06-27,South,Tamil Nadu,Pooja Yadav,CUST-1063,Consumer,Office Supplies,Stationery,Gel Pen Pack,5,180,0.12,792.0,450,342.0,OK,792.0,342.0,2026-06
ORD-10323,2026-08-27,West,Gujarat,Neha Gupta,CUST-1140,Corporate,Office Supplies,Storage,File Organizer,6,350,0.0,2100.0,1140,960.0,OK,2100.0,960.0,2026-08
ORD-10324,2026-07-24,Central,Madhya Pradesh,Vikas Kumar,CUST-1018,Consumer,Furniture,Chairs,Ergonomic Chair,4,9500,0.08,34960.0,27600,7360.0,OK,34960.0,7360.0,2026-07
ORD-10325,2026-06-18,West,Maharashtra,Amit Singh,CUST-1109,Consumer,Office Supplies,Stationery,Premium Notebook,4,450,0.05,1710.0,1000,710.0,OK,1710.0,710.0,2026-06
ORD-10326,2026-04-13,North,Delhi,Arjun Mehta,CUST-1140,Corporate,Furniture,Storage,Storage Cabinet,8,14500,0.1,104400.0,84000,20400.0,OK,104400.0,20400.0,2026-04
ORD-10327,2026-07-16,East,Bihar,Neha Gupta,CUST-1091,Corporate,Furniture,Tables,Office Table,2,12000,0.0,24000.0,17600,6400.0,OK,24000.0,6400.0,2026-07
ORD-10328,2026-03-26,Central,Madhya Pradesh,Arjun Mehta,CUST-1028,Corporate,Furniture,Storage,Storage Cabinet,7,14500,0.15,86275.0,73500,12775.0,OK,86275.0,12775.0,2026-03
ORD-10329,2026-04-06,North,Delhi,Arjun Mehta,CUST-1119,Small Business,Technology,Laptops,Business Laptop,4,65000,0.08,239200.0,208000,31200.0,OK,239200.0,31200.0,2026-04
ORD-10330,2026-01-27,Central,Madhya Pradesh,Vikas Kumar,CUST-1107,Corporate,Office Supplies,Stationery,Gel Pen Pack,1,180,0.08,165.6,90,75.6,OK,165.6,75.6,2026-01
ORD-10331,2026-03-29,North,Punjab,Pooja Yadav,CUST-1053,Small Business,Technology,Phones,Smartphone X,6,28000,0.05,159600.0,132000,27600.0,OK,159600.0,27600.0,2026-03
ORD-10332,2026-07-04,West,Gujarat,Pooja Yadav,CUST-1082,Corporate,Furniture,Chairs,Ergonomic Chair,2,9500,0.08,17480.0,13800,3680.0,OK,17480.0,3680.0,2026-07
ORD-10333,2026-03-29,East,West Bengal,Priya Verma,CUST-1043,Small Business,Technology,Accessories,Wireless Mouse,1,800,0.15,680.0,480,200.0,OK,680.0,200.0,2026-03
ORD-10334,2026-05-24,South,Telangana,Arjun Mehta,CUST-1119,Corporate,Technology,Phones,Smartphone X,3,28000,0.05,79800.0,66000,13800.0,OK,79800.0,13800.0,2026-05
ORD-10335,2026-06-18,West,Rajasthan,Arjun Mehta,CUST-1102,Corporate,Technology,Phones,Smartphone X,3,28000,0.12,73920.0,66000,7920.0,OK,73920.0,7920.0,2026-06
ORD-10336,2026-01-02,Central,Madhya Pradesh,Neha Gupta,CUST-1053,Consumer,Furniture,Chairs,Ergonomic Chair,7,9500,0.08,61180.0,48300,12880.0,OK,61180.0,12880.0,2026-01
ORD-10337,2026-03-25,North,Punjab,Neha Gupta,CUST-1118,Corporate,Technology,Accessories,Wireless Mouse,3,800,0.05,2280.0,1440,840.0,OK,2280.0,840.0,2026-03
ORD-10338,2026-04-10,East,Bihar,Arjun Mehta,CUST-1030,Consumer,Furniture,Chairs,Ergonomic Chair,6,9500,0.1,51300.0,41400,9900.0,OK,51300.0,9900.0,2026-04
ORD-10339,2026-06-22,East,Odisha,Vikas Kumar,CUST-1022,Small Business,Furniture,Storage,Storage Cabinet,3,14500,0.15,36975.0,31500,5475.0,OK,36975.0,5475.0,2026-06
ORD-10340,2026-01-30,South,Tamil Nadu,Amit Singh,CUST-1096,Small Business,Technology,Accessories,Wireless Mouse,4,800,0.05,3040.0,1920,1120.0,OK,3040.0,1120.0,2026-01
ORD-10341,2026-02-05,South,Telangana,Arjun Mehta,CUST-1109,Corporate,Office Supplies,Storage,File Organizer,7,350,0.1,2205.0,1330,875.0,OK,2205.0,875.0,2026-02
ORD-10342,2026-02-12,West,Rajasthan,Pooja Yadav,CUST-1074,Corporate,Furniture,Tables,Office Table,3,12000,0.1,32400.0,26400,6000.0,OK,32400.0,6000.0,2026-02
ORD-10343,2026-04-02,South,Tamil Nadu,Rahul Sharma,CUST-1125,Corporate,Furniture,Chairs,Ergonomic Chair,1,9500,0.15,8075.0,6900,1175.0,OK,8075.0,1175.0,2026-04
ORD-10344,2026-06-25,South,Tamil Nadu,Pooja Yadav,CUST-1107,Small Business,Furniture,Tables,Office Table,8,12000,0.08,88320.0,70400,17920.0,OK,88320.0,17920.0,2026-06
ORD-10345,2026-01-08,West,Gujarat,Neha Gupta,CUST-1075,Corporate,Technology,Phones,Smartphone X,2,28000,0.1,50400.0,44000,6400.0,OK,50400.0,6400.0,2026-01
ORD-10346,2026-07-19,East,West Bengal,Pooja Yadav,CUST-1127,Small Business,Furniture,Tables,Office Table,5,12000,0.03,58200.0,44000,14200.0,OK,58200.0,14200.0,2026-07
ORD-10347,2026-07-18,Central,Madhya Pradesh,Sneha Patel,CUST-1139,Corporate,Furniture,Storage,Storage Cabinet,2,14500,0.05,27550.0,21000,6550.0,OK,27550.0,6550.0,2026-07
ORD-10348,2026-07-08,West,Rajasthan,Neha Gupta,CUST-1077,Corporate,Technology,Laptops,Business Laptop,7,65000,0.0,455000.0,364000,91000.0,OK,455000.0,91000.0,2026-07
ORD-10349,2026-08-10,West,Gujarat,Priya Verma,CUST-1061,Corporate,Office Supplies,Stationery,Gel Pen Pack,2,180,0.08,331.2,180,151.2,OK,331.2,151.2,2026-08
ORD-10350,2026-06-07,Central,Chhattisgarh,Amit Singh,CUST-1053,Corporate,Furniture,Storage,Storage Cabinet,7,14500,0.03,98455.0,73500,24955.0,OK,98455.0,24955.0,2026-06
ORD-10351,2026-05-18,North,Punjab,Amit Singh,CUST-1083,Small Business,Office Supplies,Stationery,Gel Pen Pack,5,180,0.1,810.0,450,360.0,OK,810.0,360.0,2026-05
ORD-10352,2026-05-12,East,Odisha,Priya Verma,CUST-1035,Consumer,Furniture,Storage,Storage Cabinet,5,14500,0.15,61625.0,52500,9125.0,OK,61625.0,9125.0,2026-05
ORD-10353,2026-02-07,North,Delhi,Sneha Patel,CUST-1064,Small Business,Technology,Phones,Smartphone X,3,28000,0.03,81480.0,66000,15480.0,OK,81480.0,15480.0,2026-02
ORD-10354,2026-04-17,West,Gujarat,Arjun Mehta,CUST-1116,Corporate,Technology,Phones,Smartphone X,5,28000,0.12,123200.0,110000,13200.0,OK,123200.0,13200.0,2026-04
ORD-10355,2026-08-28,North,Delhi,Sneha Patel,CUST-1117,Consumer,Furniture,Tables,Office Table,5,12000,0.12,52800.0,44000,8800.0,OK,52800.0,8800.0,2026-08
ORD-10356,2026-04-28,East,Bihar,Sneha Patel,CUST-1017,Small Business,Technology,Accessories,Wireless Keyboard,2,1200,0.12,2112.0,1560,552.0,OK,2112.0,552.0,2026-04
ORD-10357,2026-03-10,West,Maharashtra,Sneha Patel,CUST-1073,Consumer,Office Supplies,Storage,File Organizer,4,350,0.08,1288.0,760,528.0,OK,1288.0,528.0,2026-03
ORD-10358,2026-03-29,Central,Madhya Pradesh,Rahul Sharma,CUST-1012,Corporate,Furniture,Storage,Storage Cabinet,8,14500,0.15,98600.0,84000,14600.0,OK,98600.0,14600.0,2026-03
ORD-10359,2026-04-27,West,Maharashtra,Rahul Sharma,CUST-1110,Corporate,Technology,Accessories,Wireless Mouse,3,800,0.08,2208.0,1440,768.0,OK,2208.0,768.0,2026-04
ORD-10360,2026-08-27,South,Telangana,Vikas Kumar,CUST-1024,Small Business,Office Supplies,Stationery,Premium Notebook,3,450,0.15,1147.5,750,397.5,OK,1147.5,397.5,2026-08
ORD-10361,2026-08-20,East,Odisha,Amit Singh,CUST-1014,Consumer,Technology,Accessories,Wireless Mouse,6,800,0.12,4224.0,2880,1344.0,OK,4224.0,1344.0,2026-08
ORD-10362,2026-01-24,East,Bihar,Priya Verma,CUST-1001,Corporate,Technology,Laptops,Business Laptop,7,65000,0.12,400400.0,364000,36400.0,OK,400400.0,36400.0,2026-01
ORD-10363,2026-06-24,West,Maharashtra,Pooja Yadav,CUST-1003,Corporate,Technology,Phones,Smartphone X,4,28000,0.1,100800.0,88000,12800.0,OK,100800.0,12800.0,2026-06
ORD-10364,2026-01-19,East,West Bengal,Neha Gupta,CUST-1099,Corporate,Office Supplies,Storage,File Organizer,3,350,0.08,966.0,570,396.0,OK,966.0,396.0,2026-01
ORD-10365,2026-02-05,North,Uttar Pradesh,Arjun Mehta,CUST-1035,Small Business,Office Supplies,Stationery,Gel Pen Pack,6,180,0.05,1026.0,540,486.0,OK,1026.0,486.0,2026-02
ORD-10366,2026-06-16,South,Karnataka,Amit Singh,CUST-1113,Consumer,Furniture,Tables,Office Table,1,12000,0.1,10800.0,8800,2000.0,OK,10800.0,2000.0,2026-06
ORD-10367,2026-06-25,South,Telangana,Pooja Yadav,CUST-1056,Corporate,Technology,Phones,Smartphone X,7,28000,0.1,176400.0,154000,22400.0,OK,176400.0,22400.0,2026-06
ORD-10368,2026-04-20,North,Uttar Pradesh,Sneha Patel,CUST-1036,Corporate,Technology,Accessories,Wireless Mouse,7,800,0.05,5320.0,3360,1960.0,OK,5320.0,1960.0,2026-04
ORD-10369,2026-06-03,East,Bihar,Vikas Kumar,CUST-1007,Small Business,Technology,Accessories,Wireless Mouse,4,800,0.1,2880.0,1920,960.0,OK,2880.0,960.0,2026-06
ORD-10370,2026-04-11,East,West Bengal,Vikas Kumar,CUST-1014,Corporate,Furniture,Tables,Office Table,4,12000,0.12,42240.0,35200,7040.0,OK,42240.0,7040.0,2026-04
ORD-10371,2026-06-13,West,Gujarat,Priya Verma,CUST-1136,Corporate,Technology,Accessories,Wireless Mouse,4,800,0.08,2944.0,1920,1024.0,OK,2944.0,1024.0,2026-06
ORD-10372,2026-08-03,East,Odisha,Arjun Mehta,CUST-1094,Small Business,Technology,Phones,Smartphone X,7,28000,0.15,166600.0,154000,12600.0,OK,166600.0,12600.0,2026-08
ORD-10373,2026-01-18,South,Tamil Nadu,Rahul Sharma,CUST-1068,Corporate,Technology,Accessories,Wireless Mouse,1,800,0.1,720.0,480,240.0,OK,720.0,240.0,2026-01
ORD-10374,2026-07-02,North,Uttar Pradesh,Arjun Mehta,CUST-1109,Small Business,Office Supplies,Storage,File Organizer,5,350,0.12,1540.0,950,590.0,OK,1540.0,590.0,2026-07
ORD-10375,2026-01-22,West,Maharashtra,Vikas Kumar,CUST-1021,Small Business,Furniture,Tables,Office Table,3,12000,0.05,34200.0,26400,7800.0,OK,34200.0,7800.0,2026-01
ORD-10376,2026-05-31,South,Karnataka,Priya Verma,CUST-1080,Small Business,Furniture,Tables,Office Table,6,12000,0.08,66240.0,52800,13440.0,OK,66240.0,13440.0,2026-05
ORD-10377,2026-01-23,West,Rajasthan,Arjun Mehta,CUST-1030,Consumer,Technology,Laptops,Business Laptop,1,65000,0.03,63050.0,52000,11050.0,OK,63050.0,11050.0,2026-01
ORD-10378,2026-01-04,Central,Madhya Pradesh,Amit Singh,CUST-1003,Corporate,Office Supplies,Stationery,Premium Notebook,3,450,0.0,1350.0,750,600.0,OK,1350.0,600.0,2026-01
ORD-10379,2026-04-06,West,Gujarat,Amit Singh,CUST-1069,Small Business,Furniture,Tables,Office Table,5,12000,0.03,58200.0,44000,14200.0,OK,58200.0,14200.0,2026-04
ORD-10380,2026-05-15,North,Uttar Pradesh,Priya Verma,CUST-1068,Small Business,Office Supplies,Stationery,Gel Pen Pack,7,180,0.05,1197.0,630,567.0,OK,1197.0,567.0,2026-05
ORD-10381,2026-04-03,Central,Madhya Pradesh,Rahul Sharma,CUST-1128,Small Business,Furniture,Chairs,Ergonomic Chair,8,9500,0.1,68400.0,55200,13200.0,OK,68400.0,13200.0,2026-04
ORD-10382,2026-01-27,South,Tamil Nadu,Priya Verma,CUST-1059,Small Business,Technology,Phones,Smartphone X,5,28000,0.15,119000.0,110000,9000.0,OK,119000.0,9000.0,2026-01
ORD-10383,2026-01-12,Central,Madhya Pradesh,Pooja Yadav,CUST-1094,Consumer,Technology,Accessories,Wireless Keyboard,1,1200,0.03,1164.0,780,384.0,OK,1164.0,384.0,2026-01
ORD-10384,2026-03-24,South,Karnataka,Neha Gupta,CUST-1107,Small Business,Technology,Accessories,Wireless Keyboard,7,1200,0.03,8148.0,5460,2688.0,OK,8148.0,2688.0,2026-03
ORD-10385,2026-05-09,East,Odisha,Rahul Sharma,CUST-1046,Corporate,Technology,Accessories,Wireless Mouse,6,800,0.0,4800.0,2880,1920.0,OK,4800.0,1920.0,2026-05
ORD-10386,2026-08-10,Central,Madhya Pradesh,Vikas Kumar,CUST-1080,Consumer,Office Supplies,Storage,File Organizer,2,350,0.08,644.0,380,264.0,OK,644.0,264.0,2026-08
ORD-10387,2026-02-21,North,Punjab,Vikas Kumar,CUST-1078,Small Business,Furniture,Chairs,Ergonomic Chair,1,9500,0.05,9025.0,6900,2125.0,OK,9025.0,2125.0,2026-02
ORD-10388,2026-05-07,Central,Madhya Pradesh,Neha Gupta,CUST-1140,Corporate,Furniture,Chairs,Ergonomic Chair,6,9500,0.1,51300.0,41400,9900.0,OK,51300.0,9900.0,2026-05
ORD-10389,2026-05-19,South,Karnataka,Sneha Patel,CUST-1003,Consumer,Office Supplies,Storage,File Organizer,1,350,0.03,339.5,190,149.5,OK,339.5,149.5,2026-05
ORD-10390,2026-02-22,North,Punjab,Neha Gupta,CUST-1108,Consumer,Office Supplies,Storage,File Organizer,5,350,0.0,1750.0,950,800.0,OK,1750.0,800.0,2026-02
ORD-10391,2026-08-24,North,Uttar Pradesh,Neha Gupta,CUST-1134,Consumer,Office Supplies,Stationery,Premium Notebook,2,450,0.0,900.0,500,400.0,OK,900.0,400.0,2026-08
ORD-10392,2026-02-04,East,Odisha,Arjun Mehta,CUST-1020,Small Business,Technology,Accessories,Wireless Mouse,2,800,0.1,1440.0,960,480.0,OK,1440.0,480.0,2026-02
ORD-10393,2026-03-16,Central,Madhya Pradesh,Vikas Kumar,CUST-1081,Consumer,Office Supplies,Storage,File Organizer,3,350,0.03,1018.5,570,448.5,OK,1018.5,448.5,2026-03
ORD-10394,2026-01-20,East,Odisha,Neha Gupta,CUST-1035,Small Business,Furniture,Chairs,Ergonomic Chair,5,9500,0.03,46075.0,34500,11575.0,OK,46075.0,11575.0,2026-01
ORD-10395,2026-04-30,North,Uttar Pradesh,Sneha Patel,CUST-1105,Corporate,Technology,Accessories,Wireless Mouse,3,800,0.08,2208.0,1440,768.0,OK,2208.0,768.0,2026-04
ORD-10396,2026-04-29,Central,Chhattisgarh,Vikas Kumar,CUST-1031,Corporate,Technology,Laptops,Business Laptop,8,65000,0.05,494000.0,416000,78000.0,OK,494000.0,78000.0,2026-04
ORD-10397,2026-08-02,South,Telangana,Sneha Patel,CUST-1038,Corporate,Office Supplies,Stationery,Premium Notebook,1,450,0.03,436.5,250,186.5,OK,436.5,186.5,2026-08
ORD-10398,2026-03-18,South,Tamil Nadu,Vikas Kumar,CUST-1045,Corporate,Office Supplies,Storage,File Organizer,1,350,0.12,308.0,190,118.0,OK,308.0,118.0,2026-03
ORD-10399,2026-04-29,West,Gujarat,Priya Verma,CUST-1036,Corporate,Furniture,Tables,Office Table,4,12000,0.0,48000.0,35200,12800.0,OK,48000.0,12800.0,2026-04
ORD-10400,2026-07-30,North,Uttar Pradesh,Arjun Mehta,CUST-1096,Small Business,Technology,Laptops,Business Laptop,3,65000,0.03,189150.0,156000,33150.0,OK,189150.0,33150.0,2026-07
ORD-10401,2026-01-20,North,Punjab,Rahul Sharma,CUST-1017,Corporate,Furniture,Storage,Storage Cabinet,5,14500,0.15,61625.0,52500,9125.0,OK,61625.0,9125.0,2026-01
ORD-10402,2026-01-11,West,Maharashtra,Pooja Yadav,CUST-1013,Corporate,Technology,Accessories,Wireless Mouse,6,800,0.0,4800.0,2880,1920.0,OK,4800.0,1920.0,2026-01
ORD-10403,2026-04-08,Central,Chhattisgarh,Arjun Mehta,CUST-1045,Consumer,Office Supplies,Storage,File Organizer,8,350,0.0,2800.0,1520,1280.0,OK,2800.0,1280.0,2026-04
ORD-10404,2026-08-15,South,Karnataka,Amit Singh,CUST-1009,Small Business,Office Supplies,Stationery,Premium Notebook,5,450,0.08,2070.0,1250,820.0,OK,2070.0,820.0,2026-08
ORD-10405,2026-08-14,Central,Madhya Pradesh,Pooja Yadav,CUST-1016,Corporate,Office Supplies,Stationery,Premium Notebook,8,450,0.08,3312.0,2000,1312.0,OK,3312.0,1312.0,2026-08
ORD-10406,2026-06-14,East,Odisha,Neha Gupta,CUST-1140,Corporate,Technology,Phones,Smartphone X,7,28000,0.03,190120.0,154000,36120.0,OK,190120.0,36120.0,2026-06
ORD-10407,2026-07-20,West,Rajasthan,Pooja Yadav,CUST-1089,Small Business,Office Supplies,Stationery,Gel Pen Pack,8,180,0.1,1296.0,720,576.0,OK,1296.0,576.0,2026-07
ORD-10408,2026-01-07,Central,Chhattisgarh,Sneha Patel,CUST-1057,Corporate,Office Supplies,Storage,File Organizer,5,350,0.03,1697.5,950,747.5,OK,1697.5,747.5,2026-01
ORD-10409,2026-05-30,East,West Bengal,Neha Gupta,CUST-1041,Corporate,Furniture,Chairs,Ergonomic Chair,6,9500,0.15,48450.0,41400,7050.0,OK,48450.0,7050.0,2026-05
ORD-10410,2026-07-28,South,Telangana,Rahul Sharma,CUST-1057,Small Business,Technology,Laptops,Business Laptop,5,65000,0.1,292500.0,260000,32500.0,OK,292500.0,32500.0,2026-07
ORD-10411,2026-06-01,West,Gujarat,Sneha Patel,CUST-1092,Small Business,Technology,Phones,Smartphone X,3,28000,0.03,81480.0,66000,15480.0,OK,81480.0,15480.0,2026-06
ORD-10412,2026-08-31,North,Punjab,Neha Gupta,CUST-1127,Small Business,Office Supplies,Stationery,Gel Pen Pack,3,180,0.1,486.0,270,216.0,OK,486.0,216.0,2026-08
ORD-10413,2026-01-15,East,West Bengal,Neha Gupta,CUST-1057,Corporate,Furniture,Chairs,Ergonomic Chair,1,9500,0.0,9500.0,6900,2600.0,OK,9500.0,2600.0,2026-01
ORD-10414,2026-02-21,Central,Chhattisgarh,Amit Singh,CUST-1088,Small Business,Technology,Accessories,Wireless Keyboard,6,1200,0.1,6480.0,4680,1800.0,OK,6480.0,1800.0,2026-02
ORD-10415,2026-05-31,South,Tamil Nadu,Amit Singh,CUST-1029,Small Business,Technology,Accessories,Wireless Keyboard,1,1200,0.03,1164.0,780,384.0,OK,1164.0,384.0,2026-05
ORD-10416,2026-01-26,East,West Bengal,Sneha Patel,CUST-1078,Consumer,Office Supplies,Stationery,Gel Pen Pack,7,180,0.1,1134.0,630,504.0,OK,1134.0,504.0,2026-01
ORD-10417,2026-03-23,South,Karnataka,Amit Singh,CUST-1092,Corporate,Office Supplies,Storage,File Organizer,8,350,0.12,2464.0,1520,944.0,OK,2464.0,944.0,2026-03
ORD-10418,2026-06-26,Central,Madhya Pradesh,Vikas Kumar,CUST-1033,Corporate,Office Supplies,Storage,File Organizer,5,350,0.12,1540.0,950,590.0,OK,1540.0,590.0,2026-06
ORD-10419,2026-07-17,North,Punjab,Rahul Sharma,CUST-1047,Small Business,Furniture,Storage,Storage Cabinet,7,14500,0.15,86275.0,73500,12775.0,OK,86275.0,12775.0,2026-07
ORD-10420,2026-02-06,East,Bihar,Sneha Patel,CUST-1020,Corporate,Technology,Laptops,Business Laptop,2,65000,0.08,119600.0,104000,15600.0,OK,119600.0,15600.0,2026-02
ORD-10421,2026-07-01,East,Odisha,Sneha Patel,CUST-1115,Corporate,Technology,Phones,Smartphone X,2,28000,0.15,47600.0,44000,3600.0,OK,47600.0,3600.0,2026-07
ORD-10422,2026-03-07,East,West Bengal,Priya Verma,CUST-1001,Corporate,Technology,Laptops,Business Laptop,2,65000,0.05,123500.0,104000,19500.0,OK,123500.0,19500.0,2026-03
ORD-10423,2026-05-07,West,Gujarat,Arjun Mehta,CUST-1090,Small Business,Office Supplies,Storage,File Organizer,3,350,0.08,966.0,570,396.0,OK,966.0,396.0,2026-05
ORD-10424,2026-04-26,West,Maharashtra,Priya Verma,CUST-1009,Consumer,Furniture,Chairs,Ergonomic Chair,4,9500,0.03,36860.0,27600,9260.0,OK,36860.0,9260.0,2026-04
ORD-10425,2026-03-29,North,Delhi,Amit Singh,CUST-1097,Corporate,Office Supplies,Stationery,Premium Notebook,2,450,0.0,900.0,500,400.0,OK,900.0,400.0,2026-03
ORD-10426,2026-06-07,North,Punjab,Pooja Yadav,CUST-1008,Consumer,Technology,Accessories,Wireless Mouse,6,800,0.1,4320.0,2880,1440.0,OK,4320.0,1440.0,2026-06
ORD-10427,2026-01-26,South,Telangana,Sneha Patel,CUST-1053,Corporate,Office Supplies,Storage,File Organizer,3,350,0.0,1050.0,570,480.0,OK,1050.0,480.0,2026-01
ORD-10428,2026-03-14,West,Rajasthan,Vikas Kumar,CUST-1061,Corporate,Furniture,Tables,Office Table,5,12000,0.12,52800.0,44000,8800.0,OK,52800.0,8800.0,2026-03
ORD-10429,2026-01-14,North,Delhi,Sneha Patel,CUST-1001,Consumer,Furniture,Storage,Storage Cabinet,8,14500,0.03,112520.0,84000,28520.0,OK,112520.0,28520.0,2026-01
ORD-10430,2026-01-25,North,Delhi,Rahul Sharma,CUST-1053,Corporate,Furniture,Storage,Storage Cabinet,8,14500,0.03,112520.0,84000,28520.0,OK,112520.0,28520.0,2026-01
ORD-10431,2026-07-20,East,West Bengal,Arjun Mehta,CUST-1121,Consumer,Furniture,Chairs,Ergonomic Chair,2,9500,0.05,18050.0,13800,4250.0,OK,18050.0,4250.0,2026-07
ORD-10432,2026-04-05,East,West Bengal,Arjun Mehta,CUST-1095,Corporate,Furniture,Tables,Office Table,7,12000,0.03,81480.0,61600,19880.0,OK,81480.0,19880.0,2026-04
ORD-10433,2026-03-09,West,Maharashtra,Neha Gupta,CUST-1069,Small Business,Office Supplies,Stationery,Premium Notebook,8,450,0.08,3312.0,2000,1312.0,OK,3312.0,1312.0,2026-03
ORD-10434,2026-03-30,North,Uttar Pradesh,Arjun Mehta,CUST-1059,Small Business,Technology,Accessories,Wireless Mouse,2,800,0.12,1408.0,960,448.0,OK,1408.0,448.0,2026-03
ORD-10435,2026-06-25,North,Delhi,Pooja Yadav,CUST-1061,Consumer,Furniture,Tables,Office Table,7,12000,0.1,75600.0,61600,14000.0,OK,75600.0,14000.0,2026-06
ORD-10436,2026-05-27,East,West Bengal,Amit Singh,CUST-1031,Consumer,Office Supplies,Storage,File Organizer,1,350,0.1,315.0,190,125.0,OK,315.0,125.0,2026-05
ORD-10437,2026-01-11,South,Karnataka,Arjun Mehta,CUST-1021,Small Business,Technology,Laptops,Business Laptop,4,65000,0.03,252200.0,208000,44200.0,OK,252200.0,44200.0,2026-01
ORD-10438,2026-08-22,West,Maharashtra,Priya Verma,CUST-1023,Consumer,Technology,Phones,Smartphone X,5,28000,0.05,133000.0,110000,23000.0,OK,133000.0,23000.0,2026-08
ORD-10439,2026-03-12,Central,Chhattisgarh,Pooja Yadav,CUST-1004,Small Business,Furniture,Tables,Office Table,6,12000,0.15,61200.0,52800,8400.0,OK,61200.0,8400.0,2026-03
ORD-10440,2026-02-07,Central,Chhattisgarh,Priya Verma,CUST-1028,Small Business,Technology,Accessories,Wireless Mouse,7,800,0.03,5432.0,3360,2072.0,OK,5432.0,2072.0,2026-02
ORD-10441,2026-03-09,North,Delhi,Arjun Mehta,CUST-1125,Small Business,Furniture,Tables,Office Table,6,12000,0.08,66240.0,52800,13440.0,OK,66240.0,13440.0,2026-03
ORD-10442,2026-04-14,Central,Chhattisgarh,Amit Singh,CUST-1103,Corporate,Technology,Accessories,Wireless Keyboard,3,1200,0.05,3420.0,2340,1080.0,OK,3420.0,1080.0,2026-04
ORD-10443,2026-05-02,West,Gujarat,Vikas Kumar,CUST-1096,Corporate,Technology,Laptops,Business Laptop,1,65000,0.12,57200.0,52000,5200.0,OK,57200.0,5200.0,2026-05
ORD-10444,2026-05-06,East,Odisha,Priya Verma,CUST-1059,Corporate,Office Supplies,Stationery,Premium Notebook,5,450,0.15,1912.5,1250,662.5,OK,1912.5,662.5,2026-05
ORD-10445,2026-07-06,East,Bihar,Arjun Mehta,CUST-1023,Corporate,Furniture,Chairs,Ergonomic Chair,6,9500,0.05,54150.0,41400,12750.0,OK,54150.0,12750.0,2026-07
ORD-10446,2026-05-13,West,Maharashtra,Sneha Patel,CUST-1015,Small Business,Office Supplies,Storage,File Organizer,8,350,0.15,2380.0,1520,860.0,OK,2380.0,860.0,2026-05
ORD-10447,2026-07-19,South,Karnataka,Rahul Sharma,CUST-1045,Corporate,Office Supplies,Stationery,Premium Notebook,7,450,0.03,3055.5,1750,1305.5,OK,3055.5,1305.5,2026-07
ORD-10448,2026-01-13,South,Karnataka,Sneha Patel,CUST-1051,Consumer,Technology,Laptops,Business Laptop,1,65000,0.08,59800.0,52000,7800.0,OK,59800.0,7800.0,2026-01
ORD-10449,2026-08-25,East,Odisha,Priya Verma,CUST-1008,Corporate,Furniture,Tables,Office Table,7,12000,0.12,73920.0,61600,12320.0,OK,73920.0,12320.0,2026-08
ORD-10450,2026-08-11,East,Odisha,Pooja Yadav,CUST-1090,Consumer,Furniture,Storage,Storage Cabinet,8,14500,0.03,112520.0,84000,28520.0,OK,112520.0,28520.0,2026-08
ORD-10451,2026-04-09,South,Tamil Nadu,Rahul Sharma,CUST-1042,Small Business,Technology,Accessories,Wireless Mouse,5,800,0.0,4000.0,2400,1600.0,OK,4000.0,1600.0,2026-04
ORD-10452,2026-06-16,South,Karnataka,Arjun Mehta,CUST-1132,Corporate,Technology,Laptops,Business Laptop,4,65000,0.05,247000.0,208000,39000.0,OK,247000.0,39000.0,2026-06
ORD-10453,2026-07-25,North,Delhi,Rahul Sharma,CUST-1058,Consumer,Technology,Phones,Smartphone X,3,28000,0.1,75600.0,66000,9600.0,OK,75600.0,9600.0,2026-07
ORD-10454,2026-08-07,Central,Chhattisgarh,Sneha Patel,CUST-1118,Consumer,Office Supplies,Stationery,Premium Notebook,7,450,0.08,2898.0,1750,1148.0,OK,2898.0,1148.0,2026-08
ORD-10455,2026-01-27,South,Tamil Nadu,Rahul Sharma,CUST-1131,Small Business,Office Supplies,Stationery,Premium Notebook,7,450,0.1,2835.0,1750,1085.0,OK,2835.0,1085.0,2026-01
ORD-10456,2026-06-25,East,Bihar,Priya Verma,CUST-1124,Corporate,Furniture,Storage,Storage Cabinet,5,14500,0.05,68875.0,52500,16375.0,OK,68875.0,16375.0,2026-06
ORD-10457,2026-06-17,East,Odisha,Vikas Kumar,CUST-1049,Corporate,Office Supplies,Stationery,Gel Pen Pack,5,180,0.05,855.0,450,405.0,OK,855.0,405.0,2026-06
ORD-10458,2026-03-23,Central,Madhya Pradesh,Amit Singh,CUST-1007,Small Business,Technology,Accessories,Wireless Keyboard,7,1200,0.12,7392.0,5460,1932.0,OK,7392.0,1932.0,2026-03
ORD-10459,2026-04-10,West,Gujarat,Rahul Sharma,CUST-1049,Consumer,Office Supplies,Stationery,Premium Notebook,7,450,0.08,2898.0,1750,1148.0,OK,2898.0,1148.0,2026-04
ORD-10460,2026-04-02,South,Telangana,Vikas Kumar,CUST-1044,Small Business,Furniture,Tables,Office Table,8,12000,0.12,84480.0,70400,14080.0,OK,84480.0,14080.0,2026-04
ORD-10461,2026-02-02,Central,Madhya Pradesh,Vikas Kumar,CUST-1047,Small Business,Office Supplies,Stationery,Premium Notebook,2,450,0.08,828.0,500,328.0,OK,828.0,328.0,2026-02
ORD-10462,2026-02-27,East,Bihar,Vikas Kumar,CUST-1108,Consumer,Technology,Accessories,Wireless Mouse,4,800,0.05,3040.0,1920,1120.0,OK,3040.0,1120.0,2026-02
ORD-10463,2026-08-06,East,Odisha,Priya Verma,CUST-1121,Corporate,Furniture,Storage,Storage Cabinet,5,14500,0.08,66700.0,52500,14200.0,OK,66700.0,14200.0,2026-08
ORD-10464,2026-01-31,Central,Madhya Pradesh,Arjun Mehta,CUST-1136,Consumer,Furniture,Chairs,Ergonomic Chair,4,9500,0.1,34200.0,27600,6600.0,OK,34200.0,6600.0,2026-01
ORD-10465,2026-03-29,West,Maharashtra,Arjun Mehta,CUST-1118,Corporate,Technology,Phones,Smartphone X,3,28000,0.03,81480.0,66000,15480.0,OK,81480.0,15480.0,2026-03
ORD-10466,2026-03-27,East,Bihar,Amit Singh,CUST-1081,Small Business,Technology,Phones,Smartphone X,2,28000,0.08,51520.0,44000,7520.0,OK,51520.0,7520.0,2026-03
ORD-10467,2026-07-14,North,Uttar Pradesh,Amit Singh,CUST-1041,Consumer,Furniture,Chairs,Ergonomic Chair,5,9500,0.03,46075.0,34500,11575.0,OK,46075.0,11575.0,2026-07
ORD-10468,2026-04-20,North,Uttar Pradesh,Arjun Mehta,CUST-1110,Consumer,Furniture,Storage,Storage Cabinet,7,14500,0.12,89320.0,73500,15820.0,OK,89320.0,15820.0,2026-04
ORD-10469,2026-04-06,West,Maharashtra,Rahul Sharma,CUST-1083,Small Business,Technology,Accessories,Wireless Keyboard,4,1200,0.12,4224.0,3120,1104.0,OK,4224.0,1104.0,2026-04
ORD-10470,2026-06-27,South,Karnataka,Sneha Patel,CUST-1080,Corporate,Technology,Accessories,Wireless Keyboard,4,1200,0.03,4656.0,3120,1536.0,OK,4656.0,1536.0,2026-06
ORD-10471,2026-01-17,North,Delhi,Rahul Sharma,CUST-1077,Consumer,Furniture,Tables,Office Table,5,12000,0.03,58200.0,44000,14200.0,OK,58200.0,14200.0,2026-01
ORD-10472,2026-08-16,West,Rajasthan,Amit Singh,CUST-1088,Consumer,Furniture,Tables,Office Table,6,12000,0.08,66240.0,52800,13440.0,OK,66240.0,13440.0,2026-08
ORD-10473,2026-02-28,East,West Bengal,Neha Gupta,CUST-1034,Corporate,Technology,Phones,Smartphone X,7,28000,0.0,196000.0,154000,42000.0,OK,196000.0,42000.0,2026-02
ORD-10474,2026-04-04,North,Punjab,Rahul Sharma,CUST-1097,Small Business,Furniture,Tables,Office Table,3,12000,0.0,36000.0,26400,9600.0,OK,36000.0,9600.0,2026-04
ORD-10475,2026-01-13,East,Bihar,Priya Verma,CUST-1006,Corporate,Furniture,Storage,Storage Cabinet,1,14500,0.1,13050.0,10500,2550.0,OK,13050.0,2550.0,2026-01
ORD-10476,2026-05-21,North,Delhi,Vikas Kumar,CUST-1122,Small Business,Furniture,Chairs,Ergonomic Chair,7,9500,0.0,66500.0,48300,18200.0,OK,66500.0,18200.0,2026-05
ORD-10477,2026-06-19,South,Karnataka,Priya Verma,CUST-1134,Consumer,Technology,Accessories,Wireless Keyboard,5,1200,0.08,5520.0,3900,1620.0,OK,5520.0,1620.0,2026-06
ORD-10478,2026-07-04,Central,Madhya Pradesh,Priya Verma,CUST-1073,Corporate,Office Supplies,Storage,File Organizer,2,350,0.1,630.0,380,250.0,OK,630.0,250.0,2026-07
ORD-10479,2026-03-09,North,Delhi,Neha Gupta,CUST-1092,Small Business,Technology,Laptops,Business Laptop,4,65000,0.15,221000.0,208000,13000.0,OK,221000.0,13000.0,2026-03
ORD-10480,2026-05-08,West,Gujarat,Neha Gupta,CUST-1124,Consumer,Technology,Phones,Smartphone X,1,28000,0.1,25200.0,22000,3200.0,OK,25200.0,3200.0,2026-05
ORD-10481,2026-08-02,South,Karnataka,Pooja Yadav,CUST-1039,Corporate,Technology,Accessories,Wireless Keyboard,2,1200,0.0,2400.0,1560,840.0,OK,2400.0,840.0,2026-08
ORD-10482,2026-03-01,Central,Madhya Pradesh,Pooja Yadav,CUST-1076,Consumer,Technology,Accessories,Wireless Mouse,5,800,0.12,3520.0,2400,1120.0,OK,3520.0,1120.0,2026-03
ORD-10483,2026-01-11,West,Maharashtra,Vikas Kumar,CUST-1093,Small Business,Technology,Accessories,Wireless Mouse,3,800,0.15,2040.0,1440,600.0,OK,2040.0,600.0,2026-01
ORD-10484,2026-07-14,East,Odisha,Rahul Sharma,CUST-1003,Corporate,Technology,Accessories,Wireless Mouse,2,800,0.15,1360.0,960,400.0,OK,1360.0,400.0,2026-07
ORD-10485,2026-03-10,South,Tamil Nadu,Priya Verma,CUST-1096,Consumer,Office Supplies,Stationery,Gel Pen Pack,8,180,0.1,1296.0,720,576.0,OK,1296.0,576.0,2026-03
ORD-10486,2026-03-11,South,Karnataka,Arjun Mehta,CUST-1123,Consumer,Office Supplies,Storage,File Organizer,7,350,0.08,2254.0,1330,924.0,OK,2254.0,924.0,2026-03
ORD-10487,2026-02-10,South,Karnataka,Priya Verma,CUST-1107,Small Business,Technology,Phones,Smartphone X,1,28000,0.15,23800.0,22000,1800.0,OK,23800.0,1800.0,2026-02
ORD-10488,2026-04-08,West,Rajasthan,Sneha Patel,CUST-1008,Small Business,Furniture,Chairs,Ergonomic Chair,3,9500,0.1,25650.0,20700,4950.0,OK,25650.0,4950.0,2026-04
ORD-10489,2026-04-23,South,Tamil Nadu,Rahul Sharma,CUST-1017,Consumer,Furniture,Chairs,Ergonomic Chair,2,9500,0.08,17480.0,13800,3680.0,OK,17480.0,3680.0,2026-04
ORD-10490,2026-08-12,East,West Bengal,Sneha Patel,CUST-1133,Small Business,Furniture,Tables,Office Table,4,12000,0.12,42240.0,35200,7040.0,OK,42240.0,7040.0,2026-08
ORD-10491,2026-03-30,Central,Madhya Pradesh,Arjun Mehta,CUST-1039,Small Business,Office Supplies,Storage,File Organizer,4,350,0.08,1288.0,760,528.0,OK,1288.0,528.0,2026-03
ORD-10492,2026-08-06,Central,Madhya Pradesh,Pooja Yadav,CUST-1127,Corporate,Technology,Accessories,Wireless Keyboard,3,1200,0.1,3240.0,2340,900.0,OK,3240.0,900.0,2026-08
ORD-10493,2026-03-13,North,Delhi,Rahul Sharma,CUST-1130,Corporate,Office Supplies,Stationery,Gel Pen Pack,4,180,0.05,684.0,360,324.0,OK,684.0,324.0,2026-03
ORD-10494,2026-04-28,Central,Chhattisgarh,Pooja Yadav,CUST-1115,Corporate,Office Supplies,Storage,File Organizer,4,350,0.0,1400.0,760,640.0,OK,1400.0,640.0,2026-04
ORD-10495,2026-07-10,West,Gujarat,Rahul Sharma,CUST-1027,Consumer,Office Supplies,Stationery,Gel Pen Pack,2,180,0.08,331.2,180,151.2,OK,331.2,151.2,2026-07
ORD-10496,2026-01-24,West,Maharashtra,Vikas Kumar,CUST-1131,Small Business,Furniture,Tables,Office Table,1,12000,0.15,10200.0,8800,1400.0,OK,10200.0,1400.0,2026-01
ORD-10497,2026-07-31,South,Telangana,Rahul Sharma,CUST-1058,Consumer,Furniture,Chairs,Ergonomic Chair,6,9500,0.05,54150.0,41400,12750.0,OK,54150.0,12750.0,2026-07
ORD-10498,2026-06-18,East,Bihar,Sneha Patel,CUST-1116,Corporate,Furniture,Storage,Storage Cabinet,8,14500,0.12,102080.0,84000,18080.0,OK,102080.0,18080.0,2026-06
ORD-10499,2026-04-01,North,Punjab,Vikas Kumar,CUST-1134,Consumer,Technology,Laptops,Business Laptop,1,65000,0.05,61750.0,52000,9750.0,OK,61750.0,9750.0,2026-04
ORD-10500,2026-07-30,North,Uttar Pradesh,Arjun Mehta,CUST-1028,Consumer,Technology,Phones,Smartphone X,8,28000,0.03,217280.0,176000,41280.0,OK,217280.0,41280.0,2026-07
ORD-10501,2026-04-11,Central,Madhya Pradesh,Neha Gupta,CUST-1118,Corporate,Technology,Laptops,Business Laptop,2,65000,0.15,110500.0,104000,6500.0,OK,110500.0,6500.0,2026-04
ORD-10502,2026-08-03,East,West Bengal,Priya Verma,CUST-1116,Consumer,Office Supplies,Storage,File Organizer,1,350,0.12,308.0,190,118.0,OK,308.0,118.0,2026-08
ORD-10503,2026-07-08,Central,Madhya Pradesh,Rahul Sharma,CUST-1111,Small Business,Furniture,Chairs,Ergonomic Chair,1,9500,0.1,8550.0,6900,1650.0,OK,8550.0,1650.0,2026-07
ORD-10504,2026-07-28,West,Rajasthan,Amit Singh,CUST-1027,Consumer,Technology,Phones,Smartphone X,3,28000,0.12,73920.0,66000,7920.0,OK,73920.0,7920.0,2026-07
ORD-10505,2026-06-05,Central,Chhattisgarh,Neha Gupta,CUST-1071,Consumer,Furniture,Tables,Office Table,7,12000,0.08,77280.0,61600,15680.0,OK,77280.0,15680.0,2026-06
ORD-10506,2026-04-16,East,Odisha,Vikas Kumar,CUST-1081,Small Business,Furniture,Chairs,Ergonomic Chair,3,9500,0.03,27645.0,20700,6945.0,OK,27645.0,6945.0,2026-04
ORD-10507,2026-07-02,Central,Madhya Pradesh,Vikas Kumar,CUST-1089,Small Business,Technology,Laptops,Business Laptop,4,65000,0.1,234000.0,208000,26000.0,OK,234000.0,26000.0,2026-07
ORD-10508,2026-01-30,South,Telangana,Sneha Patel,CUST-1123,Small Business,Technology,Phones,Smartphone X,6,28000,0.12,147840.0,132000,15840.0,OK,147840.0,15840.0,2026-01
ORD-10509,2026-04-19,Central,Chhattisgarh,Rahul Sharma,CUST-1134,Corporate,Furniture,Tables,Office Table,5,12000,0.15,51000.0,44000,7000.0,OK,51000.0,7000.0,2026-04
ORD-10510,2026-01-15,North,Delhi,Neha Gupta,CUST-1069,Corporate,Technology,Phones,Smartphone X,1,28000,0.12,24640.0,22000,2640.0,OK,24640.0,2640.0,2026-01
ORD-10511,2026-01-16,East,Bihar,Vikas Kumar,CUST-1053,Small Business,Office Supplies,Stationery,Premium Notebook,3,450,0.15,1147.5,750,397.5,OK,1147.5,397.5,2026-01
ORD-10512,2026-08-11,North,Delhi,Neha Gupta,CUST-1100,Corporate,Furniture,Chairs,Ergonomic Chair,2,9500,0.1,17100.0,13800,3300.0,OK,17100.0,3300.0,2026-08
ORD-10513,2026-04-17,Central,Chhattisgarh,Sneha Patel,CUST-1014,Corporate,Technology,Accessories,Wireless Keyboard,7,1200,0.08,7728.0,5460,2268.0,OK,7728.0,2268.0,2026-04
ORD-10514,2026-02-27,East,West Bengal,Sneha Patel,CUST-1140,Small Business,Furniture,Storage,Storage Cabinet,8,14500,0.15,98600.0,84000,14600.0,OK,98600.0,14600.0,2026-02
ORD-10515,2026-02-15,Central,Madhya Pradesh,Priya Verma,CUST-1048,Corporate,Technology,Laptops,Business Laptop,5,65000,0.08,299000.0,260000,39000.0,OK,299000.0,39000.0,2026-02
ORD-10516,2026-03-13,Central,Madhya Pradesh,Vikas Kumar,CUST-1034,Corporate,Office Supplies,Storage,File Organizer,1,350,0.08,322.0,190,132.0,OK,322.0,132.0,2026-03
ORD-10517,2026-07-01,Central,Chhattisgarh,Amit Singh,CUST-1011,Corporate,Technology,Accessories,Wireless Keyboard,6,1200,0.08,6624.0,4680,1944.0,OK,6624.0,1944.0,2026-07
ORD-10518,2026-07-22,East,Bihar,Sneha Patel,CUST-1019,Small Business,Technology,Accessories,Wireless Keyboard,5,1200,0.08,5520.0,3900,1620.0,OK,5520.0,1620.0,2026-07
ORD-10519,2026-01-18,East,Bihar,Amit Singh,CUST-1107,Small Business,Technology,Laptops,Business Laptop,3,65000,0.1,175500.0,156000,19500.0,OK,175500.0,19500.0,2026-01
ORD-10520,2026-08-15,Central,Chhattisgarh,Neha Gupta,CUST-1085,Consumer,Technology,Accessories,Wireless Mouse,6,800,0.03,4656.0,2880,1776.0,OK,4656.0,1776.0,2026-08
ORD-10521,2026-07-30,East,Odisha,Rahul Sharma,CUST-1030,Small Business,Technology,Laptops,Business Laptop,8,65000,0.1,468000.0,416000,52000.0,OK,468000.0,52000.0,2026-07
ORD-10522,2026-06-24,East,Odisha,Sneha Patel,CUST-1098,Corporate,Technology,Laptops,Business Laptop,4,65000,0.0,260000.0,208000,52000.0,OK,260000.0,52000.0,2026-06
ORD-10523,2026-08-22,West,Gujarat,Sneha Patel,CUST-1132,Small Business,Furniture,Tables,Office Table,5,12000,0.0,60000.0,44000,16000.0,OK,60000.0,16000.0,2026-08
ORD-10524,2026-02-19,West,Gujarat,Sneha Patel,CUST-1132,Corporate,Technology,Accessories,Wireless Keyboard,5,1200,0.12,5280.0,3900,1380.0,OK,5280.0,1380.0,2026-02
ORD-10525,2026-01-17,North,Uttar Pradesh,Neha Gupta,CUST-1055,Small Business,Furniture,Tables,Office Table,1,12000,0.12,10560.0,8800,1760.0,OK,10560.0,1760.0,2026-01
ORD-10526,2026-07-29,West,Maharashtra,Priya Verma,CUST-1040,Corporate,Technology,Laptops,Business Laptop,7,65000,0.12,400400.0,364000,36400.0,OK,400400.0,36400.0,2026-07
ORD-10527,2026-01-19,West,Rajasthan,Rahul Sharma,CUST-1046,Consumer,Office Supplies,Stationery,Gel Pen Pack,1,180,0.0,180.0,90,90.0,OK,180.0,90.0,2026-01
ORD-10528,2026-04-15,Central,Madhya Pradesh,Arjun Mehta,CUST-1116,Small Business,Furniture,Storage,Storage Cabinet,4,14500,0.05,55100.0,42000,13100.0,OK,55100.0,13100.0,2026-04
ORD-10529,2026-06-22,West,Gujarat,Priya Verma,CUST-1137,Corporate,Office Supplies,Stationery,Gel Pen Pack,1,180,0.08,165.6,90,75.6,OK,165.6,75.6,2026-06
ORD-10530,2026-08-06,Central,Madhya Pradesh,Priya Verma,CUST-1092,Small Business,Furniture,Storage,Storage Cabinet,1,14500,0.12,12760.0,10500,2260.0,OK,12760.0,2260.0,2026-08
ORD-10531,2026-07-15,North,Delhi,Pooja Yadav,CUST-1098,Consumer,Office Supplies,Stationery,Premium Notebook,2,450,0.05,855.0,500,355.0,OK,855.0,355.0,2026-07
ORD-10532,2026-07-11,North,Delhi,Arjun Mehta,CUST-1140,Consumer,Technology,Phones,Smartphone X,4,28000,0.03,108640.0,88000,20640.0,OK,108640.0,20640.0,2026-07
ORD-10533,2026-08-12,South,Tamil Nadu,Amit Singh,CUST-1032,Corporate,Office Supplies,Stationery,Gel Pen Pack,1,180,0.1,162.0,90,72.0,OK,162.0,72.0,2026-08
ORD-10534,2026-05-21,North,Punjab,Priya Verma,CUST-1079,Corporate,Furniture,Storage,Storage Cabinet,7,14500,0.1,91350.0,73500,17850.0,OK,91350.0,17850.0,2026-05
ORD-10535,2026-02-17,East,West Bengal,Neha Gupta,CUST-1065,Corporate,Office Supplies,Storage,File Organizer,3,350,0.03,1018.5,570,448.5,OK,1018.5,448.5,2026-02
ORD-10536,2026-07-12,North,Uttar Pradesh,Pooja Yadav,CUST-1019,Consumer,Furniture,Storage,Storage Cabinet,1,14500,0.15,12325.0,10500,1825.0,OK,12325.0,1825.0,2026-07
ORD-10537,2026-05-29,North,Delhi,Pooja Yadav,CUST-1085,Consumer,Technology,Accessories,Wireless Mouse,4,800,0.12,2816.0,1920,896.0,OK,2816.0,896.0,2026-05
ORD-10538,2026-06-08,South,Telangana,Priya Verma,CUST-1050,Consumer,Technology,Laptops,Business Laptop,2,65000,0.05,123500.0,104000,19500.0,OK,123500.0,19500.0,2026-06
ORD-10539,2026-05-30,West,Gujarat,Amit Singh,CUST-1094,Consumer,Office Supplies,Stationery,Gel Pen Pack,5,180,0.12,792.0,450,342.0,OK,792.0,342.0,2026-05
ORD-10540,2026-07-21,West,Maharashtra,Neha Gupta,CUST-1112,Consumer,Technology,Accessories,Wireless Keyboard,6,1200,0.03,6984.0,4680,2304.0,OK,6984.0,2304.0,2026-07
ORD-10541,2026-04-25,East,West Bengal,Sneha Patel,CUST-1079,Consumer,Office Supplies,Stationery,Gel Pen Pack,8,180,0.08,1324.8,720,604.8,OK,1324.8,604.8,2026-04
ORD-10542,2026-03-13,Central,Madhya Pradesh,Amit Singh,CUST-1138,Corporate,Technology,Phones,Smartphone X,2,28000,0.15,47600.0,44000,3600.0,OK,47600.0,3600.0,2026-03
ORD-10543,2026-08-06,East,Bihar,Rahul Sharma,CUST-1104,Small Business,Technology,Accessories,Wireless Mouse,2,800,0.0,1600.0,960,640.0,OK,1600.0,640.0,2026-08
ORD-10544,2026-08-17,South,Karnataka,Pooja Yadav,CUST-1039,Consumer,Furniture,Tables,Office Table,5,12000,0.1,54000.0,44000,10000.0,OK,54000.0,10000.0,2026-08
ORD-10545,2026-04-29,West,Maharashtra,Priya Verma,CUST-1102,Consumer,Furniture,Storage,Storage Cabinet,5,14500,0.03,70325.0,52500,17825.0,OK,70325.0,17825.0,2026-04
ORD-10546,2026-05-12,Central,Madhya Pradesh,Amit Singh,CUST-1115,Corporate,Technology,Laptops,Business Laptop,3,65000,0.15,165750.0,156000,9750.0,OK,165750.0,9750.0,2026-05
ORD-10547,2026-07-07,South,Telangana,Pooja Yadav,CUST-1092,Corporate,Furniture,Storage,Storage Cabinet,3,14500,0.12,38280.0,31500,6780.0,OK,38280.0,6780.0,2026-07
ORD-10548,2026-04-05,South,Tamil Nadu,Neha Gupta,CUST-1011,Small Business,Technology,Laptops,Business Laptop,2,65000,0.05,123500.0,104000,19500.0,OK,123500.0,19500.0,2026-04
ORD-10549,2026-08-23,South,Telangana,Pooja Yadav,CUST-1012,Corporate,Office Supplies,Stationery,Gel Pen Pack,7,180,0.08,1159.2,630,529.2,OK,1159.2,529.2,2026-08
ORD-10550,2026-07-09,East,West Bengal,Vikas Kumar,CUST-1140,Small Business,Furniture,Tables,Office Table,5,12000,0.15,51000.0,44000,7000.0,OK,51000.0,7000.0,2026-07
ORD-10551,2026-06-17,South,Tamil Nadu,Priya Verma,CUST-1133,Consumer,Office Supplies,Storage,File Organizer,6,350,0.1,1890.0,1140,750.0,OK,1890.0,750.0,2026-06
ORD-10552,2026-07-29,West,Maharashtra,Sneha Patel,CUST-1125,Consumer,Furniture,Tables,Office Table,7,12000,0.05,79800.0,61600,18200.0,OK,79800.0,18200.0,2026-07
ORD-10553,2026-02-12,Central,Madhya Pradesh,Neha Gupta,CUST-1020,Small Business,Furniture,Tables,Office Table,3,12000,0.08,33120.0,26400,6720.0,OK,33120.0,6720.0,2026-02
ORD-10554,2026-04-03,East,West Bengal,Priya Verma,CUST-1059,Consumer,Technology,Phones,Smartphone X,3,28000,0.03,81480.0,66000,15480.0,OK,81480.0,15480.0,2026-04
ORD-10555,2026-05-03,East,Bihar,Pooja Yadav,CUST-1054,Small Business,Technology,Accessories,Wireless Mouse,8,800,0.12,5632.0,3840,1792.0,OK,5632.0,1792.0,2026-05
ORD-10556,2026-01-12,South,Telangana,Amit Singh,CUST-1042,Corporate,Office Supplies,Storage,File Organizer,1,350,0.03,339.5,190,149.5,OK,339.5,149.5,2026-01
ORD-10557,2026-02-12,Central,Madhya Pradesh,Vikas Kumar,CUST-1047,Small Business,Furniture,Storage,Storage Cabinet,3,14500,0.0,43500.0,31500,12000.0,OK,43500.0,12000.0,2026-02
ORD-10558,2026-07-06,West,Rajasthan,Vikas Kumar,CUST-1022,Corporate,Furniture,Storage,Storage Cabinet,1,14500,0.12,12760.0,10500,2260.0,OK,12760.0,2260.0,2026-07
ORD-10559,2026-02-26,West,Rajasthan,Arjun Mehta,CUST-1037,Small Business,Furniture,Chairs,Ergonomic Chair,8,9500,0.03,73720.0,55200,18520.0,OK,73720.0,18520.0,2026-02
ORD-10560,2026-07-05,South,Telangana,Sneha Patel,CUST-1117,Small Business,Furniture,Tables,Office Table,5,12000,0.03,58200.0,44000,14200.0,OK,58200.0,14200.0,2026-07
ORD-10561,2026-02-03,Central,Madhya Pradesh,Priya Verma,CUST-1005,Corporate,Technology,Laptops,Business Laptop,7,65000,0.08,418600.0,364000,54600.0,OK,418600.0,54600.0,2026-02
ORD-10562,2026-05-02,Central,Chhattisgarh,Rahul Sharma,CUST-1137,Small Business,Technology,Phones,Smartphone X,2,28000,0.03,54320.0,44000,10320.0,OK,54320.0,10320.0,2026-05
ORD-10563,2026-05-19,North,Uttar Pradesh,Rahul Sharma,CUST-1111,Small Business,Furniture,Chairs,Ergonomic Chair,3,9500,0.1,25650.0,20700,4950.0,OK,25650.0,4950.0,2026-05
ORD-10564,2026-08-29,West,Gujarat,Pooja Yadav,CUST-1098,Consumer,Technology,Accessories,Wireless Keyboard,7,1200,0.03,8148.0,5460,2688.0,OK,8148.0,2688.0,2026-08
ORD-10565,2026-05-03,Central,Madhya Pradesh,Neha Gupta,CUST-1022,Consumer,Office Supplies,Storage,File Organizer,3,350,0.05,997.5,570,427.5,OK,997.5,427.5,2026-05
ORD-10566,2026-07-01,Central,Chhattisgarh,Rahul Sharma,CUST-1134,Corporate,Office Supplies,Stationery,Premium Notebook,4,450,0.0,1800.0,1000,800.0,OK,1800.0,800.0,2026-07
ORD-10567,2026-07-25,Central,Madhya Pradesh,Sneha Patel,CUST-1105,Consumer,Office Supplies,Storage,File Organizer,4,350,0.12,1232.0,760,472.0,OK,1232.0,472.0,2026-07
ORD-10568,2026-08-07,North,Uttar Pradesh,Arjun Mehta,CUST-1094,Small Business,Office Supplies,Storage,File Organizer,5,350,0.05,1662.5,950,712.5,OK,1662.5,712.5,2026-08
ORD-10569,2026-05-22,East,Bihar,Pooja Yadav,CUST-1046,Consumer,Office Supplies,Storage,File Organizer,4,350,0.08,1288.0,760,528.0,OK,1288.0,528.0,2026-05
ORD-10570,2026-03-30,Central,Chhattisgarh,Arjun Mehta,CUST-1036,Small Business,Office Supplies,Stationery,Premium Notebook,5,450,0.1,2025.0,1250,775.0,OK,2025.0,775.0,2026-03
ORD-10571,2026-06-29,North,Punjab,Amit Singh,CUST-1026,Corporate,Technology,Laptops,Business Laptop,8,65000,0.15,442000.0,416000,26000.0,OK,442000.0,26000.0,2026-06
ORD-10572,2026-04-10,Central,Chhattisgarh,Rahul Sharma,CUST-1024,Corporate,Office Supplies,Stationery,Gel Pen Pack,1,180,0.03,174.6,90,84.6,OK,174.6,84.6,2026-04
ORD-10573,2026-03-09,West,Rajasthan,Neha Gupta,CUST-1095,Corporate,Office Supplies,Storage,File Organizer,2,350,0.0,700.0,380,320.0,OK,700.0,320.0,2026-03
ORD-10574,2026-06-17,Central,Madhya Pradesh,Vikas Kumar,CUST-1015,Corporate,Office Supplies,Storage,File Organizer,7,350,0.1,2205.0,1330,875.0,OK,2205.0,875.0,2026-06
ORD-10575,2026-06-18,West,Gujarat,Vikas Kumar,CUST-1050,Corporate,Technology,Accessories,Wireless Keyboard,4,1200,0.15,4080.0,3120,960.0,OK,4080.0,960.0,2026-06
ORD-10576,2026-01-10,Central,Madhya Pradesh,Sneha Patel,CUST-1062,Small Business,Furniture,Storage,Storage Cabinet,3,14500,0.12,38280.0,31500,6780.0,OK,38280.0,6780.0,2026-01
ORD-10577,2026-04-13,North,Uttar Pradesh,Sneha Patel,CUST-1102,Consumer,Technology,Accessories,Wireless Mouse,5,800,0.15,3400.0,2400,1000.0,OK,3400.0,1000.0,2026-04
ORD-10578,2026-06-30,Central,Madhya Pradesh,Priya Verma,CUST-1024,Small Business,Furniture,Tables,Office Table,1,12000,0.12,10560.0,8800,1760.0,OK,10560.0,1760.0,2026-06
ORD-10579,2026-07-28,East,Bihar,Vikas Kumar,CUST-1058,Small Business,Furniture,Tables,Office Table,6,12000,0.05,68400.0,52800,15600.0,OK,68400.0,15600.0,2026-07
ORD-10580,2026-02-14,South,Tamil Nadu,Arjun Mehta,CUST-1130,Corporate,Office Supplies,Storage,File Organizer,1,350,0.05,332.5,190,142.5,OK,332.5,142.5,2026-02
ORD-10581,2026-08-31,Central,Madhya Pradesh,Priya Verma,CUST-1132,Consumer,Furniture,Tables,Office Table,5,12000,0.05,57000.0,44000,13000.0,OK,57000.0,13000.0,2026-08
ORD-10582,2026-05-04,Central,Chhattisgarh,Neha Gupta,CUST-1087,Consumer,Furniture,Chairs,Ergonomic Chair,7,9500,0.1,59850.0,48300,11550.0,OK,59850.0,11550.0,2026-05
ORD-10583,2026-03-08,West,Rajasthan,Priya Verma,CUST-1098,Small Business,Technology,Accessories,Wireless Keyboard,8,1200,0.0,9600.0,6240,3360.0,OK,9600.0,3360.0,2026-03
ORD-10584,2026-04-01,South,Telangana,Rahul Sharma,CUST-1068,Corporate,Technology,Laptops,Business Laptop,6,65000,0.08,358800.0,312000,46800.0,OK,358800.0,46800.0,2026-04
ORD-10585,2026-05-22,East,West Bengal,Amit Singh,CUST-1122,Consumer,Office Supplies,Storage,File Organizer,6,350,0.0,2100.0,1140,960.0,OK,2100.0,960.0,2026-05
ORD-10586,2026-08-31,East,West Bengal,Neha Gupta,CUST-1128,Small Business,Furniture,Storage,Storage Cabinet,5,14500,0.03,70325.0,52500,17825.0,OK,70325.0,17825.0,2026-08
ORD-10587,2026-02-28,South,Karnataka,Neha Gupta,CUST-1064,Small Business,Technology,Laptops,Business Laptop,5,65000,0.03,315250.0,260000,55250.0,OK,315250.0,55250.0,2026-02
ORD-10588,2026-06-23,East,West Bengal,Pooja Yadav,CUST-1002,Small Business,Technology,Accessories,Wireless Mouse,2,800,0.0,1600.0,960,640.0,OK,1600.0,640.0,2026-06
ORD-10589,2026-08-18,North,Delhi,Vikas Kumar,CUST-1126,Corporate,Office Supplies,Stationery,Gel Pen Pack,6,180,0.08,993.6,540,453.6,OK,993.6,453.6,2026-08
ORD-10590,2026-05-28,Central,Chhattisgarh,Amit Singh,CUST-1014,Small Business,Office Supplies,Storage,File Organizer,4,350,0.15,1190.0,760,430.0,OK,1190.0,430.0,2026-05
ORD-10591,2026-03-30,West,Gujarat,Arjun Mehta,CUST-1045,Consumer,Furniture,Tables,Office Table,1,12000,0.1,10800.0,8800,2000.0,OK,10800.0,2000.0,2026-03
ORD-10592,2026-06-26,North,Punjab,Rahul Sharma,CUST-1004,Small Business,Furniture,Tables,Office Table,8,12000,0.05,91200.0,70400,20800.0,OK,91200.0,20800.0,2026-06
ORD-10593,2026-04-03,South,Tamil Nadu,Vikas Kumar,CUST-1048,Small Business,Furniture,Storage,Storage Cabinet,2,14500,0.05,27550.0,21000,6550.0,OK,27550.0,6550.0,2026-04
ORD-10594,2026-03-29,East,West Bengal,Sneha Patel,CUST-1048,Consumer,Office Supplies,Stationery,Premium Notebook,8,450,0.1,3240.0,2000,1240.0,OK,3240.0,1240.0,2026-03
ORD-10595,2026-08-07,West,Maharashtra,Arjun Mehta,CUST-1072,Consumer,Office Supplies,Storage,File Organizer,6,350,0.05,1995.0,1140,855.0,OK,1995.0,855.0,2026-08
ORD-10596,2026-01-26,South,Telangana,Vikas Kumar,CUST-1061,Small Business,Technology,Phones,Smartphone X,4,28000,0.15,95200.0,88000,7200.0,OK,95200.0,7200.0,2026-01
ORD-10597,2026-07-09,West,Gujarat,Amit Singh,CUST-1122,Corporate,Technology,Laptops,Business Laptop,3,65000,0.15,165750.0,156000,9750.0,OK,165750.0,9750.0,2026-07
ORD-10598,2026-06-11,South,Tamil Nadu,Sneha Patel,CUST-1125,Consumer,Furniture,Chairs,Ergonomic Chair,3,9500,0.15,24225.0,20700,3525.0,OK,24225.0,3525.0,2026-06
ORD-10599,2026-01-26,East,Bihar,Amit Singh,CUST-1016,Corporate,Furniture,Storage,Storage Cabinet,1,14500,0.08,13340.0,10500,2840.0,OK,13340.0,2840.0,2026-01
ORD-10600,2026-03-27,East,Odisha,Vikas Kumar,CUST-1093,Consumer,Technology,Accessories,Wireless Mouse,8,800,0.12,5632.0,3840,1792.0,OK,5632.0,1792.0,2026-03
